,a_USBLlong_t,usbllong_N,usbllong_X,usbllong_Y,usbllong_Z,usbllong_pitch,usbllong_roll,usbllong_yaw
0,2021-09-16 15:28:37.552565,-6.865200042724609,-60.38029861450195,19.320899963378906,-8.232799530029297,-0.007499999832361937,0.012000000104308128,-1.1506999731063843
1,2021-09-16 15:28:39.022628,-5.108500003814697,-57.88420104980469,19.128000259399414,-18.969600677490234,0.09700000286102295,0.05389999970793724,-1.1675000190734863
2,2021-09-16 15:28:55.751161,-53.388099670410156,-45.077598571777344,-38.44969940185547,-19.1653995513916,0.02759999968111515,0.0658000037074089,-1.117900013923645
3,2021-09-16 15:29:02.193986,-3.385999917984009,-51.89630126953125,30.56800079345703,-13.755200386047363,0.02669999934732914,0.04830000177025795,-0.9776999950408936
4,2021-09-16 15:29:03.668321,-7.72130012512207,-54.07469940185547,28.88789939880371,-6.332300186157227,-0.0284000001847744,-0.03530000150203705,-0.9559000134468079
5,2021-09-16 15:29:15.319661,-8.63379955291748,-56.970298767089844,22.261899948120117,-9.143400192260742,0.058800000697374344,0.05829999968409538,-1.055899977684021
6,2021-09-16 15:29:52.811298,-8.461000442504883,-47.34370040893555,39.14849853515625,-9.076299667358398,0.08290000259876251,0.08169999718666077,-0.7455999851226807
7,2021-09-16 15:29:54.282844,-8.499199867248535,-48.81129837036133,38.19540023803711,-3.436500072479248,0.022700000554323196,0.03610000014305115,-0.7692999839782715
8,2021-09-16 15:29:55.756245,-7.319300174713135,-51.634700775146484,34.76499938964844,0.35339999198913574,-0.043299999088048935,0.05900000035762787,-0.8593999743461609
9,2021-09-16 15:30:02.283014,-9.452199935913086,-52.18840026855469,34.57170104980469,-2.4237000942230225,0.03610000014305115,-0.007300000172108412,-0.8348000049591064
10,2021-09-16 15:30:03.751478,-8.701000213623047,-48.00170135498047,40.1083984375,-0.46230000257492065,-0.007699999958276749,-0.0,-0.7350999712944031
11,2021-09-16 15:30:15.387573,-9.04170036315918,-53.13370132446289,31.80699920654297,11.081000328063965,-0.052000001072883606,-0.07329999655485153,-0.8834999799728394
12,2021-09-16 15:30:37.553980,-7.7820000648498535,-49.43629837036133,41.044498443603516,-3.454200029373169,0.10329999774694443,-0.003000000026077032,-0.7574999928474426
13,2021-09-16 15:30:44.032360,-8.357999801635742,-42.910499572753906,47.47639846801758,7.342400074005127,-0.0035000001080334187,-0.014999999664723873,-0.6033999919891357
14,2021-09-16 15:30:45.510831,-8.08180046081543,-44.367801666259766,47.075199127197266,-0.29660001397132874,0.054099999368190765,0.04190000146627426,-0.6310999989509583
15,2021-09-16 15:30:46.993484,-7.410699844360352,-49.90810012817383,41.33489990234375,-0.6506999731063843,0.04500000178813934,0.04610000178217888,-0.765500009059906
16,2021-09-16 15:30:53.442372,-5.5756001472473145,-45.84299850463867,45.737998962402344,4.502799987792969,-0.05570000037550926,0.0731000006198883,-0.7050999999046326
17,2021-09-16 15:31:05.035236,-7.426000118255615,-37.357200622558594,53.42179870605469,6.22160005569458,0.016100000590085983,0.018799999728798866,-0.49570000171661377
18,2021-09-16 15:31:27.045756,-5.520299911499023,-48.077301025390625,46.063499450683594,4.1331000328063965,0.08049999922513962,-0.009600000455975533,-0.7174999713897705
19,2021-09-16 15:31:33.589516,-2.9495999813079834,-46.36090087890625,47.71780014038086,8.544099807739258,-0.007499999832361937,0.04780000075697899,-0.7318000197410583
20,2021-09-16 15:31:35.073418,-4.79610013961792,-50.265499114990234,44.05189895629883,6.680300235748291,0.09549999982118607,-0.04100000113248825,-0.765500009059906
21,2021-09-16 15:31:41.551725,-6.039599895477295,-45.63130187988281,47.93669891357422,12.26509952545166,0.08429999649524689,-0.0737999975681305,-0.6452000141143799
22,2021-09-16 15:31:43.031383,-3.6087000370025635,-47.001399993896484,46.230201721191406,14.325599670410156,0.015699999406933784,-0.04500000178813934,-0.7299000024795532
23,2021-09-16 15:31:44.511883,-4.036499977111816,-44.662899017333984,47.875099182128906,17.11050033569336,-0.06930000334978104,0.00019999999494757503,-0.7016000151634216
24,2021-09-16 15:31:50.983991,-3.9723000526428223,-39.56330108642578,53.9276008605957,12.350500106811523,0.05040000006556511,0.00860000029206276,-0.5659999847412109
25,2021-09-16 15:31:52.464115,-2.9900999069213867,-42.97869873046875,52.067501068115234,8.536700248718262,0.06350000202655792,0.03229999914765358,-0.6417999863624573
26,2021-09-16 15:32:04.060977,-3.179800033569336,-42.88819885253906,49.931400299072266,18.695199966430664,0.00800000037997961,-0.03280000016093254,-0.6539999842643738
27,2021-09-16 15:32:05.522975,-3.43149995803833,-55.175498962402344,39.60340118408203,9.521400451660156,0.09179999679327011,-0.04969999939203262,-0.8795999884605408
28,2021-09-16 15:32:23.411076,-2.5411999225616455,-53.140201568603516,42.28860092163086,13.146499633789062,0.04349999874830246,0.024399999529123306,-0.8596000075340271
29,2021-09-16 15:32:24.893949,-3.2746999263763428,-55.34280014038086,38.362701416015625,16.13949966430664,0.018200000748038292,-0.006599999964237213,-0.911899983882904
30,2021-09-16 15:32:26.378256,-2.1507999897003174,-53.15739822387695,41.822200775146484,15.954400062561035,0.027899999171495438,0.00019999999494757503,-0.8679999709129333
31,2021-09-16 15:32:27.855127,-2.742799997329712,-59.58440017700195,32.95989990234375,13.993300437927246,0.04259999841451645,0.010300000198185444,-1.0224000215530396
32,2021-09-16 15:32:44.650529,-3.386699914932251,-54.33330154418945,38.643699645996094,21.31209945678711,0.0044999998062849045,-0.0272000003606081,-0.89410001039505
33,2021-09-16 15:32:51.147264,-3.050600051879883,-50.8140983581543,44.91849899291992,19.780000686645508,0.012199999764561653,0.000699999975040555,-0.7994999885559082
34,2021-09-16 15:32:57.612978,-1.9371999502182007,-48.76020050048828,47.9370002746582,18.29170036315918,-0.026399999856948853,0.08590000122785568,-0.7872999906539917
35,2021-09-16 15:33:09.241348,-0.6398000121116638,-54.15850067138672,40.32550048828125,21.416400909423828,0.00989999994635582,0.050599999725818634,-0.9332000017166138
36,2021-09-16 15:33:10.729383,-1.976199984550476,-46.70800018310547,47.20349884033203,23.273000717163086,0.05389999970793724,-0.0284000001847744,-0.7282999753952026
37,2021-09-16 15:33:12.210493,-0.9717000126838684,-46.257198333740234,49.739898681640625,18.535600662231445,0.06459999829530716,0.046300001442432404,-0.73089998960495
38,2021-09-16 15:33:15.072564,-1.8629000186920166,-50.17770004272461,44.62310028076172,19.502300262451172,0.015699999406933784,0.05739999935030937,-0.8266000151634216
39,2021-09-16 15:33:21.595850,-1.528499960899353,-46.804100036621094,43.838600158691406,25.102800369262695,0.06719999760389328,-0.04149999842047691,-0.7617999911308289
40,2021-09-16 15:33:23.075501,0.5429999828338623,-44.75450134277344,47.24409866333008,21.591400146484375,0.0017000000225380063,0.05389999970793724,-0.7796000242233276
41,2021-09-16 15:33:24.543819,0.621999979019165,-51.06480026245117,38.515098571777344,24.365800857543945,0.045899998396635056,-0.02319999970495701,-0.9156000018119812
42,2021-09-16 15:33:27.408069,1.1907000541687012,-46.46220016479492,46.31370162963867,18.234100341796875,0.0649000033736229,0.027799999341368675,-0.7980999946594238
43,2021-09-16 15:33:33.876218,2.618299961090088,-54.53779983520508,35.44499969482422,19.075700759887695,0.07750000059604645,-0.0012000000569969416,-1.0211999416351318
44,2021-09-16 15:33:40.367142,4.571100234985352,-43.293701171875,46.69409942626953,22.332199096679688,0.09459999948740005,-0.026000000536441803,-0.7864000201225281
45,2021-09-16 15:33:53.098901,7.353600025177002,-47.23740005493164,42.28300094604492,24.85919952392578,0.033900000154972076,-0.03400000184774399,-0.9376000165939331
46,2021-09-16 15:33:54.578638,7.361499786376953,-43.26900100708008,47.025299072265625,23.878400802612305,0.09009999781847,-0.03610000014305115,-0.8233000040054321
47,2021-09-16 15:33:55.974392,9.376799583435059,-44.29669952392578,47.28379821777344,21.649799346923828,0.08900000154972076,-0.006500000134110451,-0.8751000165939331
48,2021-09-16 15:33:57.451149,8.148300170898438,-49.048500061035156,43.264801025390625,20.019100189208984,0.06369999796152115,0.017500000074505806,-0.9660000205039978
49,2021-09-16 15:33:58.931358,10.210599899291992,-45.565399169921875,42.80099868774414,27.988500595092773,0.04149999842047691,-0.07660000026226044,-0.941100001335144
50,2021-09-16 15:34:11.056905,13.84060001373291,-45.11980056762695,49.502601623535156,18.140600204467773,-0.0032999999821186066,0.09910000115633011,-0.9733999967575073
51,2021-09-16 15:34:17.507757,14.303400039672852,-42.452598571777344,48.892799377441406,26.238500595092773,-0.0003000000142492354,0.014700000174343586,-0.942799985408783
52,2021-09-16 15:34:18.984476,12.538100242614746,-38.013999938964844,53.55590057373047,24.188800811767578,0.07559999823570251,-0.005400000140070915,-0.7865999937057495
53,2021-09-16 15:34:41.003116,19.85449981689453,-33.29710006713867,61.08150100708008,19.153099060058594,0.14659999310970306,0.018200000748038292,-0.758899986743927
54,2021-09-16 15:34:47.529667,22.928199768066406,-22.48699951171875,64.78880310058594,24.226200103759766,0.047600001096725464,0.01759999990463257,-0.6650000214576721
55,2021-09-16 15:34:49.011376,22.927200317382812,-26.788400650024414,64.66809844970703,20.211000442504883,0.12099999934434891,0.04259999841451645,-0.7064999938011169
56,2021-09-16 15:34:55.550551,26.031299591064453,-19.557300567626953,66.7477035522461,24.054800033569336,0.037700001150369644,0.03669999912381172,-0.6664999723434448
57,2021-09-16 15:35:02.078309,26.670700073242188,-29.708799362182617,64.06680297851562,23.034400939941406,0.08760000020265579,0.009600000455975533,-0.8015999794006348
58,2021-09-16 15:35:03.570259,28.609899520874023,-25.464799880981445,65.60690307617188,24.791099548339844,0.007499999832361937,0.03460000082850456,-0.7968999743461609
59,2021-09-16 15:35:06.417076,29.124300003051758,-17.673099517822266,69.06649780273438,22.630599975585938,0.02319999970495701,0.0697999969124794,-0.682200014591217
60,2021-09-16 15:35:07.902119,29.074600219726562,-16.994699478149414,68.00309753417969,26.645200729370117,0.029100000858306885,0.004399999976158142,-0.6640999913215637
61,2021-09-16 15:35:24.753362,35.68130111694336,-18.81559944152832,70.52310180664062,18.09510040283203,-0.042899999767541885,0.1298999935388565,-0.8125
62,2021-09-16 15:35:26.245796,35.20920181274414,-28.904399871826172,66.34390258789062,19.54360008239746,0.07119999825954437,0.06750000268220901,-0.9254000186920166
63,2021-09-16 15:35:27.739232,34.21730041503906,-15.153499603271484,70.6626968383789,19.433399200439453,0.010099999606609344,0.10189999639987946,-0.7268999814987183
64,2021-09-16 15:35:34.267286,35.26620101928711,-29.143699645996094,64.12779998779297,22.296100616455078,0.1111999973654747,0.031599998474121094,-0.9362000226974487
65,2021-09-16 15:35:35.785015,36.6953010559082,-12.521200180053711,67.56099700927734,25.567100524902344,0.046799998730421066,0.017100000753998756,-0.7365000247955322
66,2021-09-16 15:35:38.602121,35.41809844970703,-26.157800674438477,63.669898986816406,23.291200637817383,0.12150000035762787,0.014999999664723873,-0.9042999744415283
67,2021-09-16 15:35:40.087218,35.2047004699707,-15.562100410461426,67.23729705810547,21.374799728393555,0.08240000158548355,0.07540000230073929,-0.7627000212669373
68,2021-09-16 15:35:46.612351,35.45759963989258,-11.29699993133545,67.05500030517578,19.740999221801758,0.07989999651908875,0.07980000227689743,-0.715399980545044
69,2021-09-16 15:35:53.054304,34.72890090942383,-21.678499221801758,59.44240188598633,29.472299575805664,0.0551999993622303,-0.03720000013709068,-0.8953999876976013
70,2021-09-16 15:35:59.587736,31.395999908447266,-28.22599983215332,53.09199905395508,33.06520080566406,0.0658000037074089,-0.10559999942779541,-0.9607999920845032
71,2021-09-16 15:36:01.068780,32.22370147705078,-16.220600128173828,60.8046989440918,26.765600204467773,0.012400000356137753,0.010099999606609344,-0.7975999712944031
72,2021-09-16 15:36:12.648253,29.431100845336914,-22.18560028076172,59.0004997253418,22.453399658203125,-0.09059999883174896,0.11259999871253967,-0.9054999947547913
73,2021-09-16 15:36:14.125282,28.025800704956055,-14.816499710083008,58.675899505615234,27.683500289916992,0.042399998754262924,-0.005799999926239252,-0.7102000117301941
74,2021-09-16 15:36:15.602052,29.5664005279541,-15.114899635314941,60.3744010925293,23.110700607299805,0.04960000142455101,0.04309999942779541,-0.7379000186920166
75,2021-09-16 15:36:17.080314,26.565000534057617,-26.462900161743164,58.31380081176758,17.58530044555664,0.06270000338554382,0.13840000331401825,-0.8840000033378601
76,2021-09-16 15:36:18.554938,25.621599197387695,-26.28660011291504,53.58620071411133,28.22949981689453,0.13840000331401825,-0.05550000071525574,-0.8260999917984009
77,2021-09-16 15:36:20.034022,26.22719955444336,-28.16469955444336,54.24530029296875,24.931699752807617,0.07050000131130219,0.013299999758601189,-0.9071999788284302
78,2021-09-16 15:36:26.512485,24.23419952392578,-24.155000686645508,54.36989974975586,26.579599380493164,0.007300000172108412,0.030899999663233757,-0.847000002861023
79,2021-09-16 15:36:43.245282,18.01300048828125,-31.676599502563477,49.63869857788086,22.264999389648438,0.06840000301599503,0.032600000500679016,-0.8718000054359436
80,2021-09-16 15:36:44.724750,16.524099349975586,-34.16859817504883,47.57939910888672,22.603500366210938,0.0820000022649765,0.018799999728798866,-0.8935999870300293
81,2021-09-16 15:36:46.195312,17.069299697875977,-44.047401428222656,41.947601318359375,15.048100471496582,0.1412000060081482,0.04989999905228615,-1.0908000469207764
82,2021-09-16 15:36:53.607143,13.989399909973145,-39.972599029541016,38.04249954223633,28.274599075317383,0.04349999874830246,-0.0812000036239624,-1.0175000429153442
83,2021-09-16 15:37:05.261356,10.079700469970703,-38.1255989074707,41.272300720214844,24.842899322509766,0.07090000063180923,-0.025100000202655792,-0.8956999778747559
84,2021-09-16 15:37:11.744990,7.84630012512207,-39.871299743652344,40.46009826660156,21.993499755859375,0.1080000028014183,-0.019500000402331352,-0.880299985408783
85,2021-09-16 15:37:28.614565,2.3671998977661133,-45.51959991455078,33.652801513671875,20.36079978942871,0.09489999711513519,-0.0215000007301569,-0.9465000033378601
86,2021-09-16 15:37:35.061944,-0.9229000210762024,-47.13850021362305,26.139400482177734,26.26129913330078,0.05570000037550926,-0.11829999834299088,-0.9817000031471252
87,2021-09-16 15:37:36.533410,1.5612000226974487,-40.10639953613281,34.277099609375,28.154199600219727,0.00559999980032444,-0.05570000037550926,-0.8691999912261963
88,2021-09-16 15:37:38.001860,-0.15320000052452087,-39.53990173339844,38.1088981628418,23.597000122070312,0.025499999523162842,0.02710000053048134,-0.8022000193595886
89,2021-09-16 15:37:39.463255,-1.2975000143051147,-43.70289993286133,30.8518009185791,26.524799346923828,0.050999999046325684,-0.0885000005364418,-0.8802000284194946
90,2021-09-16 15:37:40.895276,-2.145699977874756,-46.38589859008789,32.28730010986328,19.649599075317383,0.07119999825954437,0.003800000064074993,-0.909500002861023
91,2021-09-16 15:37:57.671291,-5.847700119018555,-48.87369918823242,29.483400344848633,17.359399795532227,0.07209999859333038,0.08190000057220459,-0.9365000128746033
92,2021-09-16 15:38:04.042611,-7.909800052642822,-46.90290069580078,26.16469955444336,27.117399215698242,0.010999999940395355,-0.09549999982118607,-0.8741000294685364
93,2021-09-16 15:38:05.480375,-8.343999862670898,-51.06999969482422,22.611900329589844,22.52630043029785,0.029100000858306885,0.020800000056624413,-1.0051000118255615
94,2021-09-16 15:38:22.384311,-8.633299827575684,-58.1151008605957,10.323699951171875,21.51689910888672,0.01360000018030405,0.03819999843835831,-1.260699987411499
95,2021-09-16 15:38:44.357150,-8.126099586486816,-57.69940185546875,16.380699157714844,23.590700149536133,0.014299999922513962,-0.042899999767541885,-1.1399999856948853
96,2021-09-16 15:38:50.830268,-7.286300182342529,-58.54010009765625,19.648500442504883,18.362499237060547,0.07940000295639038,-0.029100000858306885,-1.107100009918213
97,2021-09-16 15:38:57.261257,-4.883800029754639,-59.35660171508789,15.979499816894531,20.01219940185547,0.0575999990105629,0.018699999898672104,-1.2281999588012695
98,2021-09-16 15:38:58.708010,-4.876200199127197,-56.85879898071289,16.65690040588379,25.305999755859375,0.005100000184029341,-0.08739999681711197,-1.1686999797821045
99,2021-09-16 15:39:00.188378,-6.0808000564575195,-56.111900329589844,15.512800216674805,27.78179931640625,-0.016200000420212746,-0.06960000097751617,-1.170199990272522
100,2021-09-16 15:39:01.664138,-3.431999921798706,-58.326698303222656,17.708900451660156,21.414600372314453,0.015699999406933784,0.019899999722838402,-1.2246999740600586
101,2021-09-16 15:39:03.148014,-4.238900184631348,-54.74580001831055,27.28569984436035,20.905500411987305,0.0215000007301569,0.037700001150369644,-1.0473999977111816
102,2021-09-16 15:39:04.618052,-5.9633002281188965,-55.24720001220703,27.966299057006836,18.014699935913086,0.08619999885559082,-0.031099999323487282,-0.9804999828338623
103,2021-09-16 15:39:16.282489,-1.7928999662399292,-48.22700119018555,36.144500732421875,23.904699325561523,0.03720000013709068,-0.030700000002980232,-0.8781999945640564
104,2021-09-16 15:39:22.711029,1.5216000080108643,-45.27619934082031,39.68479919433594,24.6481990814209,-0.009800000116229057,0.022199999541044235,-0.8859000205993652
105,2021-09-16 15:39:24.190895,1.7577999830245972,-37.930301666259766,45.7671012878418,26.721799850463867,-0.008200000040233135,0.00279999990016222,-0.7251999974250793
106,2021-09-16 15:39:25.661901,4.140200138092041,-32.66709899902344,49.38330078125,27.036699295043945,-0.04989999905228615,0.03669999912381172,-0.6819000244140625
107,2021-09-16 15:39:37.350568,6.238500118255615,-27.184499740600586,55.80459976196289,22.086700439453125,-0.030400000512599945,0.08100000023841858,-0.579800009727478
108,2021-09-16 15:39:43.881133,7.506100177764893,-32.444400787353516,53.17169952392578,22.438600540161133,0.03799999877810478,0.035999998450279236,-0.6664000153541565
109,2021-09-16 15:39:45.361376,9.722900390625,-25.24690055847168,57.89899826049805,20.399499893188477,-0.020099999383091927,0.08640000224113464,-0.5884000062942505
110,2021-09-16 15:39:51.789335,8.865799903869629,-30.184999465942383,49.84489822387695,32.516300201416016,0.04899999871850014,-0.11289999634027481,-0.6384000182151794
111,2021-09-16 15:40:03.433764,14.977399826049805,-27.0093994140625,57.975101470947266,22.422300338745117,0.09969999641180038,0.017799999564886093,-0.6464999914169312
112,2021-09-16 15:40:04.915700,16.754100799560547,-15.195199966430664,64.1427993774414,16.262500762939453,0.016899999231100082,0.12150000035762787,-0.5045999884605408
113,2021-09-16 15:40:06.394905,16.32659912109375,-22.13290023803711,59.8202018737793,23.480199813842773,0.11540000140666962,0.00279999990016222,-0.5752999782562256
114,2021-09-16 15:40:07.873191,17.503400802612305,-21.05820083618164,59.97610092163086,24.655000686645508,-0.0,0.0272000003606081,-0.6233000159263611
115,2021-09-16 15:40:24.655178,22.64419937133789,-24.833499908447266,61.07350158691406,22.676000595092773,0.1264999955892563,0.008700000122189522,-0.7016000151634216
116,2021-09-16 15:40:26.137887,21.901199340820312,-15.892800331115723,63.09629821777344,25.502899169921875,0.06700000166893005,0.01549999974668026,-0.5698999762535095
117,2021-09-16 15:40:32.684634,25.064800262451172,-12.354599952697754,64.2876968383789,26.364299774169922,0.03929999843239784,0.010099999606609344,-0.5706999897956848
118,2021-09-16 15:40:44.287467,29.37849998474121,-10.379599571228027,67.6178970336914,23.247299194335938,0.031099999323487282,0.04989999905228615,-0.5978999733924866
119,2021-09-16 15:40:45.739048,31.250699996948242,-2.1903998851776123,64.08100128173828,33.21969985961914,0.034699998795986176,-0.06109999865293503,-0.508899986743927
120,2021-09-16 15:40:47.225256,30.29789924621582,-11.708600044250488,66.39450073242188,26.954200744628906,0.1185000017285347,-0.008700000122189522,-0.5939000248908997
121,2021-09-16 15:40:48.724638,33.669898986816406,-10.05720043182373,67.32150268554688,25.654300689697266,-0.013799999840557575,0.01640000008046627,-0.6748999953269958
122,2021-09-16 15:41:05.418786,34.535400390625,-6.910900115966797,67.25250244140625,24.085899353027344,0.0035000001080334187,0.037700001150369644,-0.6473000049591064
123,2021-09-16 15:41:17.122822,34.85929870605469,-24.713499069213867,60.46910095214844,24.827999114990234,0.016599999740719795,0.032999999821186066,-0.9593999981880188
124,2021-09-16 15:41:18.630921,35.59939956665039,-7.694699764251709,64.08509826660156,25.58300018310547,0.052400000393390656,0.03579999879002571,-0.6959999799728394
125,2021-09-16 15:41:20.112691,34.87419891357422,-7.88100004196167,61.72909927368164,29.979400634765625,0.06019999831914902,-0.008899999782443047,-0.6916999816894531
126,2021-09-16 15:41:31.829590,33.398399353027344,-14.819899559020996,60.02669906616211,26.61840057373047,0.025299999862909317,0.028599999845027924,-0.8148999810218811
127,2021-09-16 15:41:33.311308,31.562700271606445,-17.9512996673584,58.71289825439453,27.28689956665039,-0.017999999225139618,0.03959999978542328,-0.8589000105857849
128,2021-09-16 15:41:34.962698,31.630599975585938,-18.904600143432617,55.75170135498047,31.881000518798828,0.07119999825954437,-0.04749999940395355,-0.8411999940872192
129,2021-09-16 15:41:41.503046,32.06829833984375,-12.0516996383667,60.87799835205078,22.71380043029785,0.020899999886751175,0.07819999754428864,-0.7576000094413757
130,2021-09-16 15:41:48.020044,32.328399658203125,-11.585599899291992,60.47760009765625,21.929100036621094,-0.024399999529123306,0.09529999643564224,-0.781000018119812
131,2021-09-16 15:41:49.494090,29.38629913330078,-18.834299087524414,57.325401306152344,24.423200607299805,-0.004900000058114529,0.08340000361204147,-0.8598999977111816
132,2021-09-16 15:41:56.018072,29.04159927368164,-19.81599998474121,55.780601501464844,24.853200912475586,-0.026499999687075615,0.0835999995470047,-0.8962000012397766
133,2021-09-16 15:41:57.494204,27.947399139404297,-17.960599899291992,56.727500915527344,23.40089988708496,-0.005799999926239252,0.09040000289678574,-0.8303999900817871
134,2021-09-16 15:41:58.971166,26.145599365234375,-24.983800888061523,51.42290115356445,28.232799530029297,0.08590000122785568,-0.023600000888109207,-0.8858000040054321
135,2021-09-16 15:42:00.452287,25.439599990844727,-25.449399948120117,54.2776985168457,21.161100387573242,0.09619999676942825,0.0729999989271164,-0.8776999711990356
136,2021-09-16 15:42:06.967540,25.315000534057617,-18.343599319458008,55.6797981262207,22.162399291992188,-0.05389999970793724,0.11959999799728394,-0.8209999799728394
137,2021-09-16 15:42:13.487375,21.692100524902344,-25.60300064086914,49.56850051879883,27.054500579833984,0.00839999970048666,0.03460000082850456,-0.8880000114440918
138,2021-09-16 15:42:14.958339,20.88279914855957,-19.361299514770508,53.867000579833984,22.992399215698242,0.1006999984383583,0.06019999831914902,-0.7034000158309937
139,2021-09-16 15:42:16.430600,21.05660057067871,-25.966699600219727,49.760398864746094,25.305599212646484,0.11259999871253967,-0.0019000000320374966,-0.8259000182151794
140,2021-09-16 15:42:17.901064,21.421600341796875,-20.80069923400879,51.625301361083984,26.29840087890625,-0.017799999564886093,0.058800000697374344,-0.807200014591217
141,2021-09-16 15:42:24.339197,19.230499267578125,-16.709400177001953,53.78340148925781,23.243000030517578,-0.03370000049471855,0.08399999886751175,-0.6862999796867371
142,2021-09-16 15:42:41.171345,14.713700294494629,-23.16200065612793,44.81449890136719,31.196300506591797,0.08730000257492065,-0.09369999915361404,-0.6908000111579895
143,2021-09-16 15:42:47.619589,13.691900253295898,-22.26259994506836,49.17689895629883,23.3346004486084,0.05389999970793724,0.04989999905228615,-0.6776999831199646
144,2021-09-16 15:42:49.087523,12.909000396728516,-27.610300064086914,46.31230163574219,23.21269989013672,0.08049999922513962,0.034699998795986176,-0.7645000219345093
145,2021-09-16 15:42:55.600287,11.164299964904785,-29.101699829101562,46.510101318359375,20.206199645996094,0.046799998730421066,0.10140000283718109,-0.7829999923706055
146,2021-09-16 15:42:57.068547,12.431500434875488,-25.843399047851562,45.5802001953125,25.409500122070312,-0.049400001764297485,0.07400000095367432,-0.7991999983787537
147,2021-09-16 15:43:03.497072,9.624600410461426,-25.423500061035156,45.902000427246094,24.645599365234375,0.007899999618530273,0.05790000036358833,-0.7064999938011169
148,2021-09-16 15:43:04.897898,8.70110034942627,-29.268199920654297,41.400299072265625,27.83930015563965,0.07779999822378159,-0.052400000393390656,-0.7343000173568726
149,2021-09-16 15:43:06.365091,9.262399673461914,-35.642398834228516,39.182498931884766,23.464500427246094,-0.020600000396370888,0.10209999978542328,-0.958899974822998
150,2021-09-16 15:43:07.819048,8.376399993896484,-32.149600982666016,43.55120086669922,20.379899978637695,0.05849999934434891,0.08240000158548355,-0.8015999794006348
151,2021-09-16 15:43:24.624039,3.628700017929077,-32.490299224853516,40.884700775146484,22.95549964904785,0.07450000196695328,0.028300000354647636,-0.7245000004768372
152,2021-09-16 15:43:26.034022,2.3578999042510986,-31.0314998626709,39.240299224853516,27.436100006103516,0.050599999725818634,-0.03020000085234642,-0.6833000183105469
153,2021-09-16 15:43:27.499893,1.9979000091552734,-33.35100173950195,36.45750045776367,28.269800186157227,0.03440000116825104,-0.044199999421834946,-0.7493000030517578
154,2021-09-16 15:43:30.226773,3.0618999004364014,-32.40439987182617,38.707801818847656,26.511899948120117,-0.006800000090152025,0.02459999918937683,-0.7692999839782715
155,2021-09-16 15:43:31.693723,1.8489999771118164,-32.68479919433594,38.66400146484375,25.677799224853516,0.053599998354911804,-0.018200000748038292,-0.7106999754905701
156,2021-09-16 15:43:43.282813,-1.013700008392334,-34.58660125732422,37.37329864501953,25.458599090576172,-0.00559999980032444,0.032600000500679016,-0.7400000095367432
157,2021-09-16 15:43:49.717043,-2.089400053024292,-44.21580123901367,27.93090057373047,24.190399169921875,0.08550000190734863,-0.08240000158548355,-0.9078999757766724
158,2021-09-16 15:43:56.154286,-3.087599992752075,-38.66299819946289,35.14580154418945,25.75119972229004,-0.002300000051036477,0.000699999975040555,-0.7749000191688538
159,2021-09-16 15:43:57.622346,-3.1308999061584473,-42.802101135253906,33.201900482177734,21.840099334716797,0.08240000158548355,-0.021800000220537186,-0.821399986743927
160,2021-09-16 15:44:14.510517,-1.5989999771118164,-44.04029846191406,36.49769973754883,23.010099411010742,-0.017799999564886093,0.07349999994039536,-0.878600001335144
161,2021-09-16 15:44:21.025997,-2.950000047683716,-44.05830001831055,35.801700592041016,24.47330093383789,0.019200000911951065,-0.014299999922513962,-0.8260999917984009
162,2021-09-16 15:44:27.550631,-2.0880000591278076,-43.648399353027344,39.774898529052734,18.277299880981445,0.05290000140666962,0.0723000019788742,-0.8036999702453613
163,2021-09-16 15:44:29.116451,-2.5797998905181885,-48.34090042114258,35.375701904296875,15.612799644470215,0.09650000184774399,0.03799999877810478,-0.8880000114440918
164,2021-09-16 15:44:30.535350,-2.1686999797821045,-45.890899658203125,36.16790008544922,20.247800827026367,0.05810000002384186,0.016599999740719795,-0.8571000099182129
165,2021-09-16 15:44:31.952392,-0.7560999989509583,-44.68579864501953,35.39339828491211,24.05470085144043,-0.004399999976158142,0.022299999371170998,-0.8962000012397766
166,2021-09-16 15:44:33.426136,0.16410000622272491,-47.849700927734375,33.5630989074707,20.102100372314453,0.05310000106692314,0.02250000089406967,-0.9580000042915344
167,2021-09-16 15:44:34.900855,0.31850001215934753,-45.94449996948242,37.4025993347168,17.835500717163086,0.07020000368356705,0.05900000035762787,-0.8956999778747559
168,2021-09-16 15:44:36.330799,1.0013999938964844,-43.362701416015625,38.66350173950195,21.75790023803711,-0.008700000122189522,0.07980000227689743,-0.8863000273704529
169,2021-09-16 15:44:39.133594,1.1295000314712524,-47.90140151977539,33.16350173950195,21.37809944152832,0.05530000105500221,0.00800000037997961,-0.9753000140190125
170,2021-09-16 15:44:45.640052,4.247499942779541,-40.516700744628906,38.86520004272461,26.25670051574707,-0.054099999368190765,0.051100000739097595,-0.914900004863739
171,2021-09-16 15:45:02.389998,8.488100051879883,-35.0099983215332,47.85490036010742,18.771499633789062,0.048700001090765,0.09290000051259995,-0.7892000079154968
172,2021-09-16 15:45:03.867021,10.494400024414062,-31.481300354003906,45.97719955444336,27.58180046081543,-0.06199999898672104,0.033900000154972076,-0.8223999738693237
173,2021-09-16 15:45:10.416247,9.215900421142578,-34.00510025024414,47.287601470947266,23.167999267578125,0.020099999383091927,0.052000001072883606,-0.7926999926567078
174,2021-09-16 15:45:11.887850,11.11400032043457,-35.1693000793457,45.72460174560547,24.64240074157715,0.03440000116825104,0.02290000021457672,-0.8474000096321106
175,2021-09-16 15:45:13.356490,11.744099617004395,-33.49100112915039,48.58769989013672,22.011499404907227,0.059300001710653305,0.047600001096725464,-0.802299976348877
176,2021-09-16 15:45:14.839161,11.718799591064453,-30.03969955444336,49.82120132446289,24.140600204467773,0.014100000262260437,0.04749999940395355,-0.7556999921798706
177,2021-09-16 15:45:21.277251,13.072799682617188,-33.84429931640625,45.79909896850586,27.76889991760254,0.07280000299215317,-0.05220000073313713,-0.8223999738693237
178,2021-09-16 15:45:22.755487,14.592300415039062,-28.338699340820312,51.712398529052734,23.573200225830078,0.06889999657869339,0.012600000016391277,-0.7332000136375427
179,2021-09-16 15:45:29.212015,15.996299743652344,-26.318599700927734,52.014801025390625,26.355100631713867,0.027899999171495438,0.011500000022351742,-0.7404000163078308
180,2021-09-16 15:45:35.726832,19.288700103759766,-20.75819969177246,56.01620101928711,24.097900390625,0.048500001430511475,0.04899999871850014,-0.6816999912261963
181,2021-09-16 15:45:37.154017,20.786399841308594,-24.543500900268555,52.66709899902344,28.320499420166016,-0.019700000062584877,0.025499999523162842,-0.8187000155448914
182,2021-09-16 15:45:54.000056,26.129600524902344,-21.966999053955078,58.56669998168945,21.028499603271484,-0.020400000736117363,0.1136000007390976,-0.8303999900817871
183,2021-09-16 15:45:55.485665,25.429100036621094,-32.24209976196289,52.8109016418457,23.63050079345703,0.04190000146627426,0.0348999984562397,-0.9747999906539917
184,2021-09-16 15:46:22.673207,35.08380126953125,-15.312299728393555,64.66519927978516,20.247499465942383,-0.0210999995470047,0.10209999978542328,-0.824999988079071
185,2021-09-16 15:46:29.120472,34.88990020751953,-6.81689977645874,63.62739944458008,28.34939956665039,0.03739999979734421,0.010499999858438969,-0.6714000105857849
186,2021-09-16 15:46:35.555277,36.312599182128906,-8.058500289916992,62.395198822021484,30.039199829101562,0.03539999946951866,-0.013399999588727951,-0.7231000065803528
187,2021-09-16 15:46:37.034875,36.69559860229492,-15.352899551391602,64.43890380859375,21.89739990234375,0.05689999833703041,0.06539999693632126,-0.8270999789237976
188,2021-09-16 15:46:38.521142,37.85169982910156,-15.161600112915039,64.00440216064453,23.29840087890625,-0.09200000017881393,0.10819999873638153,-0.9110999703407288
189,2021-09-16 15:46:39.995346,36.98939895629883,-10.558799743652344,64.60800170898438,23.27630043029785,0.04280000180006027,0.04820000007748604,-0.7645999789237976
190,2021-09-16 15:46:41.473077,36.06570053100586,-20.095800399780273,61.108699798583984,26.032400131225586,0.12060000002384186,0.01269999984651804,-0.8792999982833862
191,2021-09-16 15:46:44.208454,36.0973014831543,-15.230899810791016,64.17220306396484,21.20210075378418,0.07569999992847443,0.08810000121593475,-0.8212000131607056
192,2021-09-16 15:46:45.685534,37.157901763916016,-20.213699340820312,59.4723014831543,28.512699127197266,-0.000699999975040555,0.003700000001117587,-0.9624999761581421
193,2021-09-16 15:46:47.168247,36.720401763916016,-20.162599563598633,59.03160095214844,29.14940071105957,0.06700000166893005,-0.025100000202655792,-0.92330002784729
194,2021-09-16 15:46:48.648475,37.3661994934082,-16.42799949645996,61.99100112915039,24.82349967956543,-0.0210999995470047,0.05790000036358833,-0.9104999899864197
195,2021-09-16 15:46:55.099286,36.476898193359375,-5.424099922180176,61.62369918823242,27.010299682617188,-0.04520000144839287,0.03700000047683716,-0.7506999969482422
196,2021-09-16 15:46:56.588333,36.5619010925293,-15.284199714660645,59.68090057373047,27.04290008544922,0.01940000057220459,0.029999999329447746,-0.8927000164985657
197,2021-09-16 15:47:00.892884,36.328399658203125,-12.946499824523926,58.49509811401367,28.53350067138672,0.07349999994039536,-0.011300000362098217,-0.8345999717712402
198,2021-09-16 15:47:17.687490,34.73529815673828,-18.292699813842773,52.00120162963867,32.50170135498047,0.005799999926239252,-0.037700001150369644,-0.9944999814033508
199,2021-09-16 15:47:19.165629,34.03879928588867,-16.748300552368164,54.55419921875,28.42490005493164,0.022700000554323196,0.018200000748038292,-0.9379000067710876
200,2021-09-16 15:47:20.585406,32.497501373291016,-22.723400115966797,52.440399169921875,27.965200424194336,0.09719999879598618,-0.003800000064074993,-0.978600025177002
201,2021-09-16 15:47:22.057342,31.749500274658203,-31.022899627685547,50.13819885253906,24.0585994720459,0.05649999901652336,0.06369999796152115,-1.1430000066757202
202,2021-09-16 15:47:28.577213,31.25309944152832,-11.906599998474121,57.052398681640625,23.322999954223633,-0.034699998795986176,0.11169999837875366,-0.8273000121116638
203,2021-09-16 15:47:30.046820,30.273799896240234,-11.818099975585938,55.77000045776367,25.516700744628906,0.04520000144839287,0.06679999828338623,-0.7785999774932861
204,2021-09-16 15:47:31.523617,29.82740020751953,-22.913999557495117,51.29790115356445,27.045000076293945,0.16300000250339508,-0.019899999722838402,-0.9108999967575073
205,2021-09-16 15:47:32.996936,28.69300079345703,-14.570500373840332,56.33769989013672,22.4867000579834,0.000699999975040555,0.12370000034570694,-0.8151999711990356
206,2021-09-16 15:47:34.469320,29.651100158691406,-6.767300128936768,55.91510009765625,25.764999389648438,0.059300001710653305,0.06369999796152115,-0.6728000044822693
207,2021-09-16 15:47:35.936867,29.25149917602539,-21.72249984741211,51.522499084472656,26.398700714111328,0.040300000458955765,0.03539999946951866,-0.953499972820282
208,2021-09-16 15:47:37.409016,28.991500854492188,-19.935300827026367,52.04859924316406,26.4606990814209,-0.014999999664723873,0.062300000339746475,-0.9474999904632568
209,2021-09-16 15:47:38.867885,27.324499130249023,-11.502300262451172,52.26890182495117,29.99139976501465,0.08990000188350677,-0.025100000202655792,-0.6970999836921692
210,2021-09-16 15:47:40.435908,27.033199310302734,-16.67840003967285,51.66230010986328,28.03529930114746,0.07980000227689743,0.014800000004470348,-0.8069000244140625
211,2021-09-16 15:47:46.918196,25.285999298095703,-12.712800025939941,53.27360153198242,24.552499771118164,0.03370000049471855,0.08190000057220459,-0.7319999933242798
212,2021-09-16 15:47:53.448162,24.0492000579834,-28.977699279785156,47.218101501464844,21.284900665283203,0.04149999842047691,0.11550000309944153,-1.0408999919891357
213,2021-09-16 15:47:54.929007,23.475400924682617,-22.01959991455078,47.999900817871094,26.260400772094727,-0.04190000146627426,0.07159999758005142,-0.9377999901771545
214,2021-09-16 15:47:56.398311,22.092300415039062,-24.375699996948242,47.01359939575195,25.739299774169922,0.014999999664723873,0.06040000170469284,-0.9316999912261963
215,2021-09-16 15:48:02.868589,19.320100784301758,-29.234899520874023,45.00199890136719,21.869800567626953,0.12160000205039978,0.053199999034404755,-0.9329000115394592
216,2021-09-16 15:48:04.332143,18.858299255371094,-27.899700164794922,41.73680114746094,28.62190055847168,-0.03020000085234642,0.028300000354647636,-0.9988999962806702
217,2021-09-16 15:48:05.792124,17.927799224853516,-32.52579879760742,38.873600006103516,27.72949981689453,0.03280000016093254,-0.00019999999494757503,-1.0484000444412231
218,2021-09-16 15:48:07.268876,18.438899993896484,-33.11640167236328,36.55860137939453,29.396799087524414,0.03440000116825104,-0.039799999445676804,-1.0858999490737915
219,2021-09-16 15:48:08.737835,19.121000289916992,-39.90439987182617,35.461700439453125,20.925399780273438,0.12039999663829803,0.03229999914765358,-1.2064000368118286
220,2021-09-16 15:48:10.185504,18.19230079650879,-41.009498596191406,34.78630065917969,19.618799209594727,0.040699999779462814,0.14560000598430634,-1.2735999822616577
221,2021-09-16 15:48:11.654590,16.443700790405273,-38.16469955444336,34.295501708984375,24.475000381469727,0.09719999879598618,-0.028300000354647636,-1.1282000541687012
222,2021-09-16 15:48:18.068060,15.161999702453613,-42.41529846191406,28.831899642944336,23.19729995727539,0.04540000110864639,0.06530000269412994,-1.3014999628067017
223,2021-09-16 15:48:19.527847,14.55370044708252,-43.57320022583008,21.457399368286133,28.00819969177246,0.013100000098347664,-0.039799999445676804,-1.3924000263214111
224,2021-09-16 15:48:25.968744,11.992300033569336,-43.178001403808594,21.908899307250977,26.955400466918945,0.0421999990940094,-0.059700001031160355,-1.3107000589370728
225,2021-09-16 15:48:27.432197,12.709400177001953,-37.43629837036133,31.24839973449707,26.53890037536621,-0.024800000712275505,0.08190000057220459,-1.1877000331878662
226,2021-09-16 15:48:33.940743,11.2052001953125,-42.81520080566406,21.76799964904785,26.648700714111328,-0.01640000008046627,0.08829999715089798,-1.3878999948501587
227,2021-09-16 15:48:50.663579,3.302500009536743,-44.884300231933594,3.94350004196167,30.355100631713867,-0.037700001150369644,0.053599998354911804,-1.5902999639511108
228,2021-09-16 15:48:52.127541,2.8285000324249268,-47.8119010925293,-3.289099931716919,25.531600952148438,0.02879999950528145,0.005100000184029341,-1.7034000158309937
229,2021-09-16 15:48:53.582122,1.0801000595092773,-46.03350067138672,3.3717000484466553,28.018999099731445,-0.0032999999821186066,-0.05180000141263008,-1.4902000427246094
230,2021-09-16 15:48:55.043857,2.791800022125244,-46.56800079345703,8.973699569702148,25.971399307250977,0.01360000018030405,0.0925000011920929,-1.4914000034332275
231,2021-09-16 15:49:06.658746,-2.224400043487549,-44.083099365234375,13.737299919128418,27.627199172973633,0.02969999983906746,-0.028300000354647636,-1.1974999904632568
232,2021-09-16 15:49:08.119367,-3.56850004196167,-45.560001373291016,15.273900032043457,24.130199432373047,0.044199999421834946,0.018799999728798866,-1.1735999584197998
233,2021-09-16 15:49:09.579790,-3.574199914932251,-44.3838005065918,14.147100448608398,26.62019920349121,0.005400000140070915,0.0771000012755394,-1.2271000146865845
234,2021-09-16 15:49:11.043800,-4.335400104522705,-45.56489944458008,11.663999557495117,25.912900924682617,0.024399999529123306,-0.02710000053048134,-1.2085000276565552
235,2021-09-16 15:49:12.509402,-4.20959997177124,-46.877201080322266,12.382499694824219,23.206300735473633,0.04610000178217888,0.0812000036239624,-1.2597999572753906
236,2021-09-16 15:49:34.417922,-12.381199836730957,-49.99980163574219,-4.546199798583984,22.6018009185791,0.06279999762773514,0.07419999688863754,-1.4469000101089478
237,2021-09-16 15:49:35.879869,-13.328300476074219,-49.08489990234375,-7.467100143432617,24.178699493408203,0.04010000079870224,0.047600001096725464,-1.4736000299453735
238,2021-09-16 15:49:37.366390,-14.058799743652344,-51.11389923095703,-3.6679000854492188,21.49810028076172,0.07370000332593918,0.042899999767541885,-1.3792999982833862
239,2021-09-16 15:49:48.958999,-16.63599967956543,-52.36130142211914,-11.637700080871582,21.30590057373047,0.05860000103712082,-0.01080000028014183,-1.4663000106811523
240,2021-09-16 15:49:50.380977,-17.28820037841797,-53.217201232910156,-1.4431999921798706,22.87190055847168,0.035599999129772186,0.007699999958276749,-1.2656999826431274
241,2021-09-16 15:49:51.849717,-17.939300537109375,-51.42660140991211,-4.126500129699707,26.632600784301758,-0.003700000001117587,-0.05920000001788139,-1.2652000188827515
242,2021-09-16 15:49:53.321518,-17.500099182128906,-53.753299713134766,-3.283900022506714,22.492700576782227,0.04749999940395355,0.0019000000320374966,-1.295699954032898
243,2021-09-16 15:49:54.788065,-15.400899887084961,-50.238399505615234,2.3894999027252197,29.877099990844727,-0.048500001430511475,0.0746999979019165,-1.261299967765808
244,2021-09-16 15:50:06.480675,-15.319999694824219,-54.68479919433594,-0.3849000036716461,21.810400009155273,0.04349999874830246,0.018200000748038292,-1.2968000173568726
245,2021-09-16 15:50:07.958746,-14.870800018310547,-52.355499267578125,14.083999633789062,22.666000366210938,0.022700000554323196,0.0786999985575676,-1.0571000576019287
246,2021-09-16 15:50:09.430868,-14.069299697875977,-53.390899658203125,12.967399597167969,20.949399948120117,0.06809999793767929,0.02199999988079071,-1.06850004196167
247,2021-09-16 15:50:10.897359,-13.859199523925781,-52.73509979248047,11.696200370788574,23.279600143432617,0.02969999983906746,0.00800000037997961,-1.0901000499725342
248,2021-09-16 15:50:12.360832,-15.162799835205078,-54.16899871826172,3.494499921798706,23.037700653076172,0.05339999869465828,-0.12530000507831573,-1.1561000347137451
249,2021-09-16 15:50:13.830817,-13.07859992980957,-54.4818000793457,8.33180046081543,20.800100326538086,0.054499998688697815,0.030500000342726707,-1.183500051498413
250,2021-09-16 15:50:20.360913,-13.047100067138672,-50.14080047607422,15.985400199890137,26.387100219726562,0.014000000432133675,-0.09200000017881393,-0.9681000113487244
251,2021-09-16 15:50:26.809684,-10.46969985961914,-52.775299072265625,13.24269962310791,22.518400192260742,0.03750000149011612,0.052400000393390656,-1.1467000246047974
252,2021-09-16 15:50:28.279928,-10.028599739074707,-55.14550018310547,10.020500183105469,18.27630043029785,0.06769999861717224,0.004900000058114529,-1.2041000127792358
253,2021-09-16 15:50:29.748052,-10.433699607849121,-51.570701599121094,11.330100059509277,26.22439956665039,-0.015399999916553497,0.027899999171495438,-1.1713000535964966
254,2021-09-16 15:50:36.189082,-7.672800064086914,-53.5807991027832,12.429200172424316,21.508899688720703,0.04569999873638153,0.03999999910593033,-1.2128000259399414
255,2021-09-16 15:50:47.834826,-4.51200008392334,-54.737098693847656,14.11929988861084,18.62660026550293,0.07519999891519547,0.03929999843239784,-1.2447999715805054
256,2021-09-16 15:50:49.303269,-5.272799968719482,-52.21260070800781,11.378499984741211,25.916500091552734,0.010999999940395355,0.035999998450279236,-1.2730000019073486
257,2021-09-16 15:50:55.732997,-4.401299953460693,-51.51860046386719,19.4158992767334,22.855899810791016,0.04170000180602074,0.028300000354647636,-1.1345000267028809
258,2021-09-16 15:51:02.192212,-2.1249001026153564,-50.00790023803711,20.149999618530273,25.82550048828125,-0.008700000122189522,0.050999999046325684,-1.1725000143051147
259,2021-09-16 15:51:03.662065,-4.107399940490723,-54.01919937133789,18.41160011291504,18.6299991607666,0.11590000241994858,-0.015399999916553497,-1.1460000276565552
260,2021-09-16 15:51:05.127455,-2.5947000980377197,-51.97079849243164,18.254100799560547,24.226299285888672,0.014700000174343586,0.052000001072883606,-1.2059999704360962
261,2021-09-16 15:51:06.595488,-3.20989990234375,-52.25870132446289,19.066200256347656,22.72249984741211,0.0771000012755394,-0.04430000111460686,-1.1296000480651855
262,2021-09-16 15:51:13.029050,-1.8264000415802002,-51.09629821777344,20.367300033569336,25.34429931640625,0.03819999843835831,-0.06809999793767929,-1.1207000017166138
263,2021-09-16 15:51:19.487595,0.8034999966621399,-47.22959899902344,31.216299057006836,23.04319953918457,0.03440000116825104,0.02370000071823597,-1.0019999742507935
264,2021-09-16 15:51:20.963395,-1.1318999528884888,-48.72489929199219,22.635499954223633,29.3612003326416,0.017799999564886093,-0.12389999628067017,-1.052299976348877
265,2021-09-16 15:51:27.483236,2.3173000812530518,-45.40510177612305,36.760799407958984,20.516399383544922,0.0010000000474974513,0.10209999978542328,-0.961899995803833
266,2021-09-16 15:51:33.947352,3.489000082015991,-49.27619934082031,31.509700775146484,22.380399703979492,0.050599999725818634,0.02500000037252903,-1.0609999895095825
267,2021-09-16 15:51:40.422663,5.5106000900268555,-47.7411994934082,32.90409851074219,24.685400009155273,-0.015200000256299973,0.04520000144839287,-1.0825999975204468
268,2021-09-16 15:51:41.829824,6.129499912261963,-48.50600051879883,34.36899948120117,21.840599060058594,0.01549999974668026,0.08739999681711197,-1.0865000486373901
269,2021-09-16 15:51:58.600410,9.133899688720703,-50.58420181274414,34.06129837036133,23.128000259399414,0.04490000009536743,-0.009600000455975533,-1.1169999837875366
270,2021-09-16 15:52:00.176812,9.215100288391113,-52.144500732421875,29.113399505615234,26.47100067138672,-0.010300000198185444,0.0012000000569969416,-1.2186000347137451
271,2021-09-16 15:52:01.656860,10.349800109863281,-44.7661018371582,38.247798919677734,28.385700225830078,-0.020099999383091927,-0.011300000362098217,-1.0406999588012695
272,2021-09-16 15:52:03.137078,10.417099952697754,-45.56570053100586,36.80739974975586,29.440900802612305,-0.026399999856948853,-0.032099999487400055,-1.063099980354309
273,2021-09-16 15:52:09.620587,11.637200355529785,-52.08879852294922,35.182098388671875,21.637100219726562,0.03350000083446503,0.042100001126527786,-1.1734000444412231
274,2021-09-16 15:52:11.088353,11.73069953918457,-47.463199615478516,39.846500396728516,23.968799591064453,0.026200000196695328,0.014700000174343586,-1.063099980354309
275,2021-09-16 15:52:12.567627,11.461700439453125,-49.1526985168457,40.19060134887695,20.3341007232666,0.07559999823570251,0.01119999960064888,-1.0575000047683716
276,2021-09-16 15:52:19.102553,13.299500465393066,-47.887298583984375,38.30670166015625,25.29170036315918,0.011500000022351742,0.002099999925121665,-1.1132999658584595
277,2021-09-16 15:52:20.581386,12.272299766540527,-51.80339813232422,35.871498107910156,20.58989906311035,0.06300000101327896,0.01850000023841858,-1.1586999893188477
278,2021-09-16 15:52:22.061681,12.844900131225586,-51.0796012878418,33.70330047607422,25.437599182128906,0.041200000792741776,-0.015200000256299973,-1.1857999563217163
279,2021-09-16 15:52:28.492399,13.847100257873535,-53.03129959106445,33.419898986816406,19.023500442504883,0.08129999786615372,0.06210000067949295,-1.2455999851226807
280,2021-09-16 15:52:34.983700,15.867799758911133,-44.460201263427734,39.26300048828125,25.36359977722168,-0.014299999922513962,0.06069999933242798,-1.1460000276565552
281,2021-09-16 15:52:36.467348,14.81779956817627,-50.442901611328125,33.36140060424805,21.820100784301758,0.014299999922513962,0.09880000352859497,-1.2714999914169312
282,2021-09-16 15:52:43.008588,12.692099571228027,-46.956199645996094,31.90730094909668,26.469200134277344,0.040300000458955765,-0.05590000003576279,-1.166200041770935
283,2021-09-16 15:52:50.627721,13.791899681091309,-46.106300354003906,34.941200256347656,21.891599655151367,0.04170000180602074,0.05739999935030937,-1.1799999475479126
284,2021-09-16 15:52:57.155821,13.472900390625,-46.04169845581055,32.3468017578125,24.018699645996094,0.03530000150203705,0.03909999877214432,-1.2121000289916992
285,2021-09-16 15:52:58.637107,11.650199890136719,-46.00230026245117,33.3911018371582,22.141599655151367,0.057100001722574234,0.028599999845027924,-1.1513999700546265
286,2021-09-16 15:53:00.103736,11.059300422668457,-47.7775993347168,29.477800369262695,23.735700607299805,0.04919999837875366,0.016599999740719795,-1.215999960899353
287,2021-09-16 15:53:06.541522,10.480899810791016,-46.63460159301758,30.42449951171875,23.331199645996094,0.04749999940395355,0.02879999950528145,-1.1868000030517578
288,2021-09-16 15:53:08.015340,10.108099937438965,-43.30110168457031,32.099300384521484,26.911399841308594,0.032499998807907104,-0.02199999988079071,-1.103600025177002
289,2021-09-16 15:53:09.485193,8.395600318908691,-43.22999954223633,25.80579948425293,32.47489929199219,-0.007499999832361937,-0.10279999673366547,-1.1444000005722046
290,2021-09-16 15:53:16.008124,7.724899768829346,-40.035400390625,34.55509948730469,26.289499282836914,0.04280000180006027,-0.0044999998062849045,-0.9911999702453613
291,2021-09-16 15:53:18.747823,4.958399772644043,-44.71760177612305,30.38290023803711,23.03459930419922,0.12880000472068787,-0.0551999993622303,-1.0089999437332153
292,2021-09-16 15:53:25.262912,5.4542999267578125,-33.04349899291992,38.377601623535156,27.601900100708008,0.03420000150799751,-0.01679999940097332,-0.7986999750137329
293,2021-09-16 15:53:26.701802,4.136899948120117,-34.4994010925293,38.451900482177734,25.26460075378418,-0.00019999999494757503,0.04500000178813934,-0.8282999992370605
294,2021-09-16 15:53:28.178220,3.898099899291992,-35.828399658203125,37.15119934082031,24.905099868774414,0.06790000200271606,-0.003000000026077032,-0.8181999921798706
295,2021-09-16 15:53:29.607808,3.786900043487549,-40.83879852294922,30.52440071105957,25.6117000579834,0.02930000051856041,0.04309999942779541,-1.0151000022888184
296,2021-09-16 15:53:36.041333,1.5592000484466553,-37.75389862060547,33.616798400878906,24.485000610351562,0.03929999843239784,0.02979999966919422,-0.8734999895095825
297,2021-09-16 15:53:37.505710,0.5447999835014343,-37.65010070800781,32.83219909667969,25.390199661254883,0.06840000301599503,-0.018699999898672104,-0.8323000073432922
298,2021-09-16 15:53:38.968777,-0.47679999470710754,-41.01620101928711,32.27799987792969,20.050199508666992,0.094200000166893,0.06390000134706497,-0.8938000202178955
299,2021-09-16 15:53:40.424692,0.034299999475479126,-36.823001861572266,33.497100830078125,24.85140037536621,0.09019999951124191,-0.014800000004470348,-0.7937999963760376
300,2021-09-16 15:53:41.888737,0.3269999921321869,-39.99800109863281,28.409500122070312,25.819700241088867,0.01730000041425228,0.05180000141263008,-0.978600025177002
301,2021-09-16 15:53:53.521453,-2.489300012588501,-39.586700439453125,27.53730010986328,24.659900665283203,0.030700000002980232,0.042399998754262924,-0.9200999736785889
302,2021-09-16 15:53:55.136672,-2.3150999546051025,-42.62200164794922,20.10260009765625,26.6033992767334,0.003800000064074993,0.02979999966919422,-1.0951999425888062
303,2021-09-16 15:53:56.595100,-3.5546000003814697,-41.13090133666992,19.576200485229492,28.745500564575195,0.009800000116229057,-0.012400000356137753,-1.0384999513626099
304,2021-09-16 15:53:58.071163,-4.361000061035156,-43.745201110839844,18.328399658203125,25.2455997467041,0.06210000067949295,-0.008200000040233135,-1.0606000423431396
305,2021-09-16 15:53:59.531330,-5.90910005569458,-46.80659866333008,18.197200775146484,18.967500686645508,0.10369999706745148,0.04500000178813934,-1.080399990081787
306,2021-09-16 15:54:00.992583,-5.762700080871582,-45.78889846801758,12.565199851989746,24.867599487304688,0.05389999970793724,-0.007499999832361937,-1.1655000448226929
307,2021-09-16 15:54:02.452480,-5.678999900817871,-44.8401985168457,12.401200294494629,26.444599151611328,0.021299999207258224,0.029100000858306885,-1.1900999546051025
308,2021-09-16 15:54:03.913359,-6.463699817657471,-47.027000427246094,10.12440013885498,23.177499771118164,0.08569999784231186,-0.04490000009536743,-1.1833000183105469
309,2021-09-16 15:54:05.375813,-7.541800022125244,-45.73609924316406,9.359100341796875,25.189199447631836,0.06719999760389328,-0.07000000029802322,-1.151900053024292
310,2021-09-16 15:54:17.081648,-9.154600143432617,-41.037200927734375,16.471500396728516,27.518600463867188,-0.007499999832361937,0.02979999966919422,-0.9990000128746033
311,2021-09-16 15:54:18.550582,-10.593600273132324,-46.763301849365234,12.127300262451172,19.561899185180664,0.11469999700784683,0.020099999383091927,-1.079800009727478
312,2021-09-16 15:54:19.952472,-10.369000434875488,-44.93159866333008,8.689499855041504,24.7677001953125,0.053599998354911804,0.02250000089406967,-1.1510000228881836
313,2021-09-16 15:54:21.411005,-11.930500030517578,-45.93870162963867,8.288599967956543,22.570100784301758,0.07090000063180923,-0.010499999858438969,-1.1116000413894653
314,2021-09-16 15:54:27.882831,-9.234700202941895,-41.12779998779297,13.565799713134766,27.77720069885254,-0.04569999873638153,0.13609999418258667,-1.1266000270843506
315,2021-09-16 15:54:29.350743,-12.364899635314941,-43.079898834228516,4.736400127410889,27.77429962158203,-0.006500000134110451,0.03720000013709068,-1.1964000463485718
316,2021-09-16 15:54:30.817687,-12.8100004196167,-45.38610076904297,9.882399559020996,22.191699981689453,0.0658000037074089,0.12099999934434891,-1.1243000030517578
317,2021-09-16 15:54:42.473932,-15.649399757385254,-43.32400131225586,4.339200019836426,26.762500762939453,0.014999999664723873,-0.009100000374019146,-1.0932999849319458
318,2021-09-16 15:54:43.924487,-16.243099212646484,-42.27320098876953,9.753800392150879,26.673999786376953,0.013399999588727951,0.012400000356137753,-0.9620000123977661
319,2021-09-16 15:54:45.455618,-17.1112003326416,-44.29999923706055,5.248899936676025,24.543800354003906,0.06769999861717224,-0.062300000339746475,-1.000599980354309
320,2021-09-16 15:54:46.909946,-16.71380043029785,-42.38420104980469,7.771200180053711,27.380599975585938,0.00559999980032444,0.06629999727010727,-1.0286999940872192
321,2021-09-16 15:54:48.366885,-17.838499069213867,-44.82529830932617,9.965399742126465,22.08609962463379,0.10119999945163727,-0.03840000182390213,-0.8974000215530396
322,2021-09-16 15:55:00.113801,-21.79319953918457,-43.83110046386719,-8.757499694824219,24.418500900268555,0.02199999988079071,-0.10729999840259552,-1.1861000061035156
323,2021-09-16 15:55:01.572406,-22.449899673461914,-42.098899841308594,-3.091900110244751,28.233699798583984,-0.021800000220537186,-0.08529999852180481,-1.034999966621399
324,2021-09-16 15:55:03.123270,-20.524599075317383,-44.18220138549805,-2.8956000804901123,25.035900115966797,0.04010000079870224,0.031199999153614044,-1.1633000373840332
325,2021-09-16 15:55:04.588871,-21.398000717163086,-43.8302001953125,-5.681700229644775,25.131500244140625,0.013799999840557575,0.07370000332593918,-1.2367000579833984
326,2021-09-16 15:55:06.139989,-21.300100326538086,-44.942100524902344,1.0544999837875366,24.037399291992188,0.0502999983727932,0.08730000257492065,-1.090000033378601
327,2021-09-16 15:55:13.193046,-24.09910011291504,-44.208900451660156,-2.482100009918213,26.222000122070312,0.00139999995008111,-0.035999998450279236,-1.0289000272750854
328,2021-09-16 15:55:19.709908,-24.898099899291992,-48.35329818725586,3.280100107192993,19.33919906616211,0.10159999877214432,0.015699999406933784,-0.939300000667572
329,2021-09-16 15:55:21.170113,-25.298999786376953,-47.367401123046875,3.609600067138672,22.05299949645996,0.09059999883174896,-0.029999999329447746,-0.8826000094413757
330,2021-09-16 15:55:27.668884,-23.219499588012695,-45.483001708984375,8.30780029296875,26.66659927368164,0.0003000000142492354,0.08449999988079071,-0.90829998254776
331,2021-09-16 15:55:29.121135,-23.42140007019043,-48.94390106201172,11.451399803161621,19.200700759887695,0.08829999715089798,0.11500000208616257,-0.8769000172615051
332,2021-09-16 15:55:30.582021,-24.868099212646484,-48.09040069580078,8.576700210571289,23.19540023803711,0.0731000006198883,-0.08269999921321869,-0.7914999723434448
333,2021-09-16 15:55:47.288054,-22.969200134277344,-45.49980163574219,21.031099319458008,24.36319923400879,0.06700000166893005,-0.046799998730421066,-0.613099992275238
334,2021-09-16 15:56:04.058349,-16.985599517822266,-46.0620002746582,20.482999801635742,23.910400390625,0.0820000022649765,-0.07050000131130219,-0.748199999332428
335,2021-09-16 15:56:15.661881,-12.894700050354004,-49.960899353027344,19.923200607299805,15.330400466918945,0.1421000063419342,0.10660000145435333,-0.9587000012397766
336,2021-09-16 15:56:17.089969,-12.212499618530273,-46.25830078125,18.59480094909668,24.832799911499023,0.030899999663233757,0.046300001442432404,-0.9524000287055969
337,2021-09-16 15:56:18.503058,-12.924300193786621,-46.604801177978516,18.934999465942383,24.237499237060547,0.07699999958276749,-0.0649000033736229,-0.8704000115394592
338,2021-09-16 15:56:19.976938,-11.366600036621094,-44.66360092163086,16.02829933166504,29.41790008544922,-0.014100000262260437,-0.0003000000142492354,-0.9890999794006348
339,2021-09-16 15:56:21.439344,-12.211899757385254,-48.724700927734375,15.491999626159668,22.466299057006836,0.08100000023841858,-0.01850000023841858,-0.9916999936103821
340,2021-09-16 15:56:33.069626,-8.253999710083008,-45.8385009765625,17.044099807739258,27.7189998626709,0.019899999722838402,-0.050599999725818634,-1.0139000415802002
341,2021-09-16 15:56:34.542933,-9.163800239562988,-43.10969924926758,20.153200149536133,30.02199935913086,-0.006099999882280827,-0.06769999861717224,-0.9088000059127808
342,2021-09-16 15:56:36.008488,-8.643600463867188,-42.84920120239258,23.78529930114746,27.529600143432617,0.04780000075697899,-0.09300000220537186,-0.8269000053405762
343,2021-09-16 15:56:37.470518,-8.045100212097168,-47.912200927734375,18.141000747680664,23.810699462890625,0.05640000104904175,0.0019000000320374966,-1.0377999544143677
344,2021-09-16 15:56:38.940223,-7.217100143432617,-45.93429946899414,25.57029914855957,20.35810089111328,0.07909999787807465,0.05079999938607216,-0.9240000247955322
345,2021-09-16 15:56:40.416017,-6.830699920654297,-45.30659866333008,27.180099487304688,20.190099716186523,0.07069999724626541,0.09549999982118607,-0.9186000227928162
346,2021-09-16 15:56:47.941070,-3.7228000164031982,-42.73849868774414,25.132099151611328,27.858800888061523,-0.03680000081658363,0.07000000029802322,-1.007200002670288
347,2021-09-16 15:56:59.571052,-1.256100058555603,-45.56079864501953,28.08300018310547,21.98740005493164,0.040699999779462814,0.06440000236034393,-1.0109000205993652
348,2021-09-16 15:57:06.025017,1.3021999597549438,-44.952598571777344,25.280399322509766,27.58650016784668,0.02979999966919422,-0.05779999867081642,-1.048200011253357
349,2021-09-16 15:57:22.845399,5.7378997802734375,-39.50619888305664,36.004600524902344,27.76799964904785,0.018200000748038292,-0.020899999886751175,-0.9247000217437744
350,2021-09-16 15:57:24.316210,5.550300121307373,-41.00680160522461,34.19559860229492,28.31719970703125,0.06539999693632126,-0.07639999687671661,-0.9240000247955322
351,2021-09-16 15:57:25.791777,5.417399883270264,-42.90420150756836,30.768999099731445,29.883800506591797,0.02319999970495701,-0.052000001072883606,-1.0190999507904053
352,2021-09-16 15:57:27.260551,7.084700107574463,-44.74380111694336,36.577701568603516,19.01490020751953,0.11339999735355377,0.05290000140666962,-1.0049999952316284
353,2021-09-16 15:57:28.726946,7.651100158691406,-39.73970031738281,39.30120086669922,23.89419937133789,0.05649999901652336,0.02759999968111515,-0.9235000014305115
354,2021-09-16 15:57:30.189984,7.967800140380859,-37.017398834228516,41.05440139770508,25.665599822998047,0.008899999782443047,0.05079999938607216,-0.8953999876976013
355,2021-09-16 15:57:41.845886,11.32759952545166,-49.1348991394043,30.19849967956543,24.41080093383789,0.07050000131130219,-0.03440000116825104,-1.190000057220459
356,2021-09-16 15:57:54.546882,16.47719955444336,-47.04280090332031,33.21030044555664,27.418100357055664,-0.0,0.023399999365210533,-1.2575000524520874
357,2021-09-16 15:57:56.023297,15.836700439453125,-49.89619827270508,29.264400482177734,27.32360076904297,-0.0003000000142492354,0.018799999728798866,-1.326799988746643
358,2021-09-16 15:58:07.682594,17.074199676513672,-50.829200744628906,23.657400131225586,29.961200714111328,-0.00559999980032444,-0.051100000739097595,-1.4177000522613525
359,2021-09-16 15:58:09.156874,17.611099243164062,-46.662601470947266,31.984100341796875,28.221399307250977,0.016100000590085983,-0.0658000037074089,-1.2516000270843506
360,2021-09-16 15:58:11.992425,18.659400939941406,-46.429901123046875,38.827999114990234,17.07309913635254,0.10019999742507935,0.10719999670982361,-1.2174999713897705
361,2021-09-16 15:58:13.465492,17.401399612426758,-45.505699157714844,35.31209945678711,24.92959976196289,0.04960000142455101,0.0015999999595806003,-1.2101999521255493
362,2021-09-16 15:58:14.934405,16.775100708007812,-46.91429901123047,33.0181999206543,24.87030029296875,0.10180000215768814,-0.06750000268220901,-1.2038999795913696
363,2021-09-16 15:58:16.404813,15.929499626159668,-48.74620056152344,30.841100692749023,23.21470069885254,0.09929999709129333,-0.04430000111460686,-1.2516000270843506
364,2021-09-16 15:58:17.875206,17.425899505615234,-42.712100982666016,36.41310119628906,26.018800735473633,0.006500000134110451,0.054099999368190765,-1.205299973487854
365,2021-09-16 15:58:19.348148,17.411100387573242,-41.016300201416016,38.56209945678711,25.27359962463379,0.032600000500679016,0.0348999984562397,-1.1402000188827515
366,2021-09-16 15:58:20.818004,17.014799118041992,-39.957401275634766,40.04249954223633,24.01889991760254,0.051500000059604645,0.048700001090765,-1.1008000373840332
367,2021-09-16 15:58:27.287117,15.551400184631348,-42.634700775146484,33.31489944458008,26.272499084472656,0.05530000105500221,-0.027400000020861626,-1.1741000413894653
368,2021-09-16 15:58:33.804521,15.89900016784668,-36.70289993286133,38.13740158081055,27.05820083618164,0.04450000077486038,0.0012000000569969416,-1.0599000453948975
369,2021-09-16 15:58:40.235867,16.15489959716797,-27.447599411010742,44.28369903564453,27.46820068359375,0.019700000062584877,0.01759999990463257,-0.8707000017166138
370,2021-09-16 15:58:41.705305,16.095500946044922,-35.69839859008789,38.42610168457031,26.467100143432617,0.05990000069141388,-0.0012000000569969416,-1.0434000492095947
371,2021-09-16 15:58:43.171255,15.063599586486816,-35.5536003112793,36.53310012817383,28.70009994506836,0.07069999724626541,-0.06419999897480011,-1.0157999992370605
372,2021-09-16 15:58:44.640683,15.813199996948242,-28.329999923706055,44.87179946899414,24.628000259399414,0.012000000104308128,0.0925000011920929,-0.9009000062942505
373,2021-09-16 15:58:46.104405,16.121000289916992,-33.506099700927734,41.874900817871094,23.15730094909668,0.03819999843835831,0.07890000194311142,-1.0046000480651855
374,2021-09-16 15:59:08.071472,9.449999809265137,-40.00279998779297,26.42300033569336,27.554500579833984,0.05550000071525574,-0.06390000134706497,-1.1359000205993652
375,2021-09-16 15:59:09.532530,10.359299659729004,-40.12030029296875,24.27429962158203,29.15730094909668,-0.020099999383091927,0.02319999970495701,-1.2670999765396118
376,2021-09-16 15:59:10.931700,8.8927001953125,-44.76219940185547,21.46109962463379,23.11520004272461,0.07639999687671661,0.004000000189989805,-1.2954000234603882
377,2021-09-16 15:59:12.356485,8.883999824523926,-41.50360107421875,25.6289005279541,24.447399139404297,0.07680000364780426,0.026000000536441803,-1.1996999979019165
378,2021-09-16 15:59:23.978771,5.343999862670898,-43.07350158691406,19.23080062866211,24.168500900268555,0.08380000293254852,0.014800000004470348,-1.2585999965667725
379,2021-09-16 15:59:25.415886,4.901000022888184,-43.902801513671875,14.72599983215332,25.715700149536133,0.046799998730421066,0.018200000748038292,-1.358199954032898
380,2021-09-16 15:59:47.409187,-1.8451000452041626,-40.19020080566406,10.352999687194824,28.60379981994629,-0.00839999970048666,0.014700000174343586,-1.2854000329971313
381,2021-09-16 15:59:48.864571,-3.212899923324585,-41.97200012207031,6.53849983215332,27.20840072631836,0.017999999225139618,0.003100000089034438,-1.339900016784668
382,2021-09-16 15:59:55.423747,-4.866000175476074,-41.12620162963867,7.714600086212158,27.251100540161133,0.007199999876320362,-0.0035000001080334187,-1.2652000188827515
383,2021-09-16 15:59:56.869282,-6.260700225830078,-43.23780059814453,8.13860034942627,23.512100219726562,0.07519999891519547,-0.019500000402331352,-1.2156000137329102
384,2021-09-16 15:59:58.329045,-6.1697001457214355,-39.932701110839844,-0.21559999883174896,29.344200134277344,-0.026499999687075615,-0.029999999329447746,-1.4031000137329102
385,2021-09-16 16:00:00.829011,-6.33620023727417,-41.578800201416016,5.316699981689453,26.390399932861328,0.02669999934732914,0.05689999833703041,-1.3243999481201172
386,2021-09-16 16:00:02.282692,-6.626500129699707,-41.047000885009766,3.418100118637085,26.96660041809082,0.02019999921321869,-0.020099999383091927,-1.3092999458312988
387,2021-09-16 16:00:03.847558,-7.0746002197265625,-41.37739944458008,6.737199783325195,25.70039939880371,0.042399998754262924,0.043800000101327896,-1.2592999935150146
388,2021-09-16 16:00:05.304361,-7.367300033569336,-39.28710174560547,6.541600227355957,28.967100143432617,-0.0010000000474974513,0.017999999225139618,-1.2325999736785889
389,2021-09-16 16:00:06.861058,-8.02560043334961,-42.75080108642578,4.760700225830078,23.490100860595703,0.06700000166893005,0.06719999760389328,-1.3021999597549438
390,2021-09-16 16:00:09.576531,-7.96019983291626,-39.99530029296875,5.4882001876831055,27.64780044555664,0.00839999970048666,0.016200000420212746,-1.2448999881744385
391,2021-09-16 16:00:11.031317,-9.968500137329102,-40.63740158081055,-3.2983999252319336,26.987899780273438,0.0012000000569969416,-0.03280000016093254,-1.3825000524520874
392,2021-09-16 16:00:12.409136,-9.418600082397461,-41.38570022583008,7.974400043487549,24.22909927368164,0.04659999907016754,0.07169999927282333,-1.187000036239624
393,2021-09-16 16:00:13.862320,-10.768099784851074,-39.72909927368164,7.827099800109863,27.016399383544922,0.018300000578165054,0.0019000000320374966,-1.1024999618530273
394,2021-09-16 16:00:15.317926,-9.990599632263184,-40.32440185546875,9.567399978637695,25.42460060119629,0.04100000113248825,0.06459999829530716,-1.1222000122070312
395,2021-09-16 16:00:16.882911,-9.617300033569336,-39.677101135253906,10.85099983215332,25.617599487304688,0.03280000016093254,0.07639999687671661,-1.104599952697754
396,2021-09-16 16:00:18.341782,-10.876799583435059,-39.742401123046875,10.292499542236328,25.833900451660156,0.042100001126527786,0.00800000037997961,-1.0397000312805176
397,2021-09-16 16:00:24.786080,-12.456600189208984,-39.2775993347168,8.886500358581543,26.65999984741211,0.026399999856948853,0.01119999960064888,-1.0311000347137451
398,2021-09-16 16:00:26.236202,-13.335399627685547,-41.15169906616211,11.305899620056152,22.68910026550293,0.07559999823570251,0.04919999837875366,-0.986299991607666
399,2021-09-16 16:00:27.676269,-13.913999557495117,-39.956199645996094,5.45359992980957,26.601900100708008,0.020400000736117363,-0.012900000438094139,-1.0676000118255615
400,2021-09-16 16:00:29.116421,-14.061300277709961,-40.21200180053711,13.793399810791016,22.685400009155273,0.05640000104904175,0.08990000188350677,-0.9289000034332275
401,2021-09-16 16:00:30.526138,-15.167099952697754,-42.73899841308594,8.093600273132324,21.21769905090332,0.10520000010728836,0.02710000053048134,-1.0096999406814575
402,2021-09-16 16:00:36.942456,-16.13990020751953,-40.6431999206543,1.6715999841690063,25.911800384521484,0.016100000590085983,0.04899999871850014,-1.148800015449524
403,2021-09-16 16:00:38.393202,-16.742700576782227,-40.51729965209961,6.03849983215332,25.15839958190918,0.04749999940395355,0.04610000178217888,-1.0125999450683594
404,2021-09-16 16:00:44.892053,-18.080799102783203,-41.815799713134766,0.7721999883651733,24.124500274658203,0.051500000059604645,0.12439999729394913,-1.1706000566482544
405,2021-09-16 16:00:46.343996,-19.260400772094727,-42.752899169921875,0.39579999446868896,22.63129997253418,0.0908999964594841,0.025100000202655792,-1.0821000337600708
406,2021-09-16 16:00:47.768673,-19.215299606323242,-41.35580062866211,-0.3467999994754791,24.77750015258789,0.05169999971985817,0.10700000077486038,-1.151900053024292
407,2021-09-16 16:00:49.227223,-21.21190071105957,-42.86750030517578,-6.5441999435424805,21.151100158691406,0.08100000023841858,-0.045899998396635056,-1.163599967956543
408,2021-09-16 16:00:50.677687,-19.749399185180664,-41.18579864501953,-0.08579999953508377,25.27989959716797,0.03460000082850456,0.021800000220537186,-1.0750999450683594
409,2021-09-16 16:00:52.132038,-19.729299545288086,-41.162498474121094,0.46070000529289246,25.833999633789062,0.03400000184774399,-0.01679999940097332,-1.0360000133514404
410,2021-09-16 16:00:53.586189,-19.8533992767334,-39.04029846191406,2.225100040435791,28.7987003326416,-0.027400000020861626,0.07840000092983246,-1.0475000143051147
411,2021-09-16 16:00:55.050922,-20.01740074157715,-41.800899505615234,5.299499988555908,24.494699478149414,0.029500000178813934,0.07490000128746033,-0.9817000031471252
412,2021-09-16 16:00:56.509221,-20.649799346923828,-40.61360168457031,5.729100227355957,26.746599197387695,0.016599999740719795,-0.05739999935030937,-0.86080002784729
413,2021-09-16 16:01:08.204552,-21.658300399780273,-45.88850021362305,0.7960000038146973,21.45829963684082,0.08969999849796295,0.004699999932199717,-1.0378999710083008
414,2021-09-16 16:01:09.631786,-23.14590072631836,-45.1077995300293,-2.173099994659424,23.166400909423828,0.04569999873638153,-0.012600000016391277,-1.0595999956130981
415,2021-09-16 16:01:11.086539,-22.187700271606445,-44.32939910888672,0.6894999742507935,25.5939998626709,0.02250000089406967,0.04309999942779541,-1.049299955368042
416,2021-09-16 16:01:12.593829,-23.330299377441406,-46.98759841918945,6.897299766540527,20.212400436401367,0.0731000006198883,0.028999999165534973,-0.9003999829292297
417,2021-09-16 16:01:14.049014,-21.719900131225586,-46.19499969482422,4.541200160980225,23.253400802612305,0.05290000140666962,0.05249999836087227,-0.996399998664856
418,2021-09-16 16:01:36.030806,-18.909900665283203,-48.067901611328125,11.97070026397705,19.721500396728516,0.08500000089406967,0.10019999742507935,-0.9549999833106995
419,2021-09-16 16:01:37.489245,-16.793899536132812,-41.85329818725586,16.645700454711914,28.175500869750977,-0.02410000003874302,0.06129999831318855,-0.8507999777793884
420,2021-09-16 16:01:43.931883,-14.989999771118164,-43.00870132446289,14.352700233459473,27.43000030517578,0.016899999231100082,-0.031599998474121094,-0.888700008392334
421,2021-09-16 16:02:00.775943,-10.484700202941895,-43.028499603271484,22.417699813842773,21.503999710083008,0.03370000049471855,0.13459999859333038,-0.917900025844574
422,2021-09-16 16:02:12.501915,-5.06220006942749,-31.22130012512207,33.835899353027344,27.263700485229492,0.00989999994635582,0.010599999688565731,-0.6341000199317932
423,2021-09-16 16:02:13.970532,-6.724400043487549,-34.2505989074707,32.71419906616211,24.769399642944336,-0.0015999999595806003,0.06790000200271606,-0.6902999877929688
424,2021-09-16 16:02:15.383668,-5.23199987411499,-33.09159851074219,32.20949935913086,27.36949920654297,-0.03440000116825104,0.06909999996423721,-0.7275999784469604
425,2021-09-16 16:02:21.783634,-1.7497999668121338,-31.2637996673584,32.97679901123047,29.109800338745117,-0.023900000378489494,0.014100000262260437,-0.7373999953269958
426,2021-09-16 16:02:23.246074,-3.966099977493286,-40.19139862060547,28.018600463867188,22.902599334716797,0.05180000141263008,0.040300000458955765,-0.8809999823570251
427,2021-09-16 16:02:30.886627,-1.621000051498413,-38.80910110473633,31.03849983215332,22.51020050048828,0.08410000056028366,0.016899999231100082,-0.8429999947547913
428,2021-09-16 16:02:32.382639,-0.21379999816417694,-37.630699157714844,30.649200439453125,25.164600372314453,0.027799999341368675,0.03020000085234642,-0.8865000009536743
429,2021-09-16 16:02:44.058985,3.5457000732421875,-33.562801361083984,33.71630096435547,28.542499542236328,-0.05310000106692314,0.05590000003576279,-0.9024999737739563
430,2021-09-16 16:02:50.575402,6.735000133514404,-31.86210060119629,36.656700134277344,28.449499130249023,-0.05339999869465828,0.03909999877214432,-0.8913000226020813
431,2021-09-16 16:03:02.122269,9.32349967956543,-31.62619972229004,41.4922981262207,24.411699295043945,0.014999999664723873,0.05480000004172325,-0.847000002861023
432,2021-09-16 16:03:03.586436,9.625699996948242,-30.2987003326416,40.31269836425781,28.0580997467041,0.002300000051036477,0.004000000189989805,-0.8374000191688538
433,2021-09-16 16:03:15.228178,13.031000137329102,-33.621498107910156,39.286800384521484,28.68239974975586,0.004399999976158142,-0.024299999698996544,-0.949999988079071
434,2021-09-16 16:03:16.615723,13.130200386047363,-38.8484992980957,38.273399353027344,23.39929962158203,0.05950000137090683,0.01080000028014183,-1.0262999534606934
435,2021-09-16 16:03:18.312250,15.476900100708008,-29.632099151611328,43.27479934692383,28.20330047607422,0.04749999940395355,-0.032099999487400055,-0.8683000206947327
436,2021-09-16 16:03:19.784906,15.285699844360352,-30.644100189208984,44.43410110473633,25.493600845336914,0.029999999329447746,0.035999998450279236,-0.8962000012397766
437,2021-09-16 16:03:31.375942,19.252099990844727,-17.9060001373291,52.515899658203125,26.283100128173828,0.006300000008195639,0.030899999663233757,-0.6908000111579895
438,2021-09-16 16:03:37.807426,20.97949981689453,-28.16309928894043,47.8745002746582,27.21739959716797,0.025299999862909317,-0.005400000140070915,-0.9083999991416931
439,2021-09-16 16:03:39.277680,21.50429916381836,-23.030099868774414,51.476600646972656,25.351900100708008,0.007000000216066837,0.043299999088048935,-0.8259000182151794
440,2021-09-16 16:03:45.788316,24.85409927368164,-16.034099578857422,53.800498962402344,25.347200393676758,-0.053599998354911804,0.05779999867081642,-0.7885000109672546
441,2021-09-16 16:03:47.256448,22.474899291992188,-26.15570068359375,48.331298828125,27.768199920654297,-0.005900000222027302,0.01080000028014183,-0.9241999983787537
442,2021-09-16 16:03:48.727825,22.580900192260742,-24.91860008239746,47.835601806640625,29.45400047302246,0.020899999886751175,-0.03889999911189079,-0.8865000009536743
443,2021-09-16 16:03:50.196594,22.932100296020508,-23.804000854492188,50.705299377441406,25.063800811767578,0.06949999928474426,0.013799999840557575,-0.8428000211715698
444,2021-09-16 16:03:51.674581,23.17970085144043,-28.942899703979492,48.01559829711914,24.701200485229492,0.0012000000569969416,0.049400001764297485,-0.9894000291824341
445,2021-09-16 16:03:54.426512,23.881099700927734,-23.192899703979492,51.124900817871094,23.873600006103516,0.02669999934732914,0.05860000103712082,-0.880299985408783
446,2021-09-16 16:03:55.901992,23.432899475097656,-27.24329948425293,47.37289810180664,26.10759925842285,0.025299999862909317,0.04430000111460686,-0.9782999753952026
447,2021-09-16 16:03:57.371208,24.7987003326416,-30.652299880981445,46.17570114135742,23.83930015563965,0.06769999861717224,0.03319999948143959,-1.0484000444412231
448,2021-09-16 16:03:58.841546,24.334199905395508,-28.081100463867188,44.55659866333008,29.287099838256836,0.048500001430511475,-0.02160000056028366,-1.0146000385284424
449,2021-09-16 16:04:05.254069,24.492000579833984,-18.872600555419922,42.9390983581543,35.483699798583984,-0.04749999940395355,-0.0820000022649765,-0.9344000220298767
450,2021-09-16 16:04:06.723624,25.128700256347656,-17.844200134277344,47.258201599121094,29.871400833129883,-0.014100000262260437,-0.00019999999494757503,-0.8877000212669373
451,2021-09-16 16:04:08.197450,24.93630027770996,-24.59000015258789,48.3568000793457,22.169700622558594,0.05380000174045563,0.08919999748468399,-0.9729999899864197
452,2021-09-16 16:04:09.658785,25.359800338745117,-30.525999069213867,44.27479934692383,22.555999755859375,0.06369999796152115,0.06669999659061432,-1.1134999990463257
453,2021-09-16 16:04:11.130210,25.386899948120117,-24.743999481201172,45.30139923095703,26.42329978942871,0.04659999907016754,0.013399999588727951,-1.0061999559402466
454,2021-09-16 16:04:22.806981,24.05109977722168,-29.866600036621094,39.670101165771484,26.775400161743164,0.027899999171495438,0.0017000000225380063,-1.1447999477386475
455,2021-09-16 16:04:24.267913,24.175100326538086,-25.309499740600586,41.96419906616211,28.056800842285156,-0.06159999966621399,0.05389999970793724,-1.1081000566482544
456,2021-09-16 16:04:25.733545,23.536699295043945,-24.17329978942871,43.19300079345703,26.914400100708008,0.01360000018030405,0.01850000023841858,-1.011199951171875
457,2021-09-16 16:04:32.173808,23.01490020751953,-35.18830108642578,39.78030014038086,16.815099716186523,0.09480000287294388,0.13459999859333038,-1.2202999591827393
458,2021-09-16 16:04:33.633535,21.8617000579834,-27.478599548339844,40.59349822998047,25.506799697875977,0.01759999990463257,0.035599999129772186,-1.0714999437332153
459,2021-09-16 16:04:35.105280,20.73550033569336,-23.661300659179688,40.0880012512207,29.209699630737305,0.07989999651908875,-0.054999999701976776,-0.9297000169754028
460,2021-09-16 16:04:47.856448,17.5216007232666,-30.95490074157715,31.880800247192383,28.645099639892578,-0.045899998396635056,0.02810000069439411,-1.2051000595092773
461,2021-09-16 16:04:49.314295,18.449199676513672,-36.640098571777344,27.360300064086914,26.03730010986328,-0.027400000020861626,0.09880000352859497,-1.4097000360488892
462,2021-09-16 16:04:50.769264,17.4419002532959,-34.557498931884766,25.94029998779297,29.430999755859375,-0.02879999950528145,-0.008200000040233135,-1.3415000438690186
463,2021-09-16 16:04:52.232878,16.303600311279297,-31.96540069580078,28.784900665283203,29.616600036621094,0.002300000051036477,-0.032600000500679016,-1.2036000490188599
464,2021-09-16 16:04:58.668030,13.972800254821777,-35.30870056152344,26.753999710083008,26.112199783325195,0.04690000042319298,0.01549999974668026,-1.243399977684021
465,2021-09-16 16:05:00.120373,12.639100074768066,-34.70600128173828,26.76650047302246,26.227100372314453,0.052000001072883606,-0.01590000092983246,-1.184000015258789
466,2021-09-16 16:05:01.574157,12.946900367736816,-36.18370056152344,26.094900131225586,24.555999755859375,0.09700000286102295,-0.013100000098347664,-1.2115999460220337
467,2021-09-16 16:05:03.004133,13.06190013885498,-34.71310043334961,27.635799407958984,24.897499084472656,0.07450000196695328,0.023600000888109207,-1.194700002670288
468,2021-09-16 16:05:09.439851,10.815999984741211,-34.67340087890625,25.65559959411621,25.60409927368164,0.03370000049471855,0.040800001472234726,-1.2045999765396118
469,2021-09-16 16:05:10.898394,9.842900276184082,-32.849700927734375,23.509599685668945,29.36750030517578,-0.028999999165534973,0.014000000432133675,-1.2128000259399414
470,2021-09-16 16:05:12.456136,10.154500007629395,-34.362998962402344,21.76569938659668,28.454599380493164,0.020099999383091927,-0.02250000089406967,-1.2381000518798828
471,2021-09-16 16:05:14.014714,6.35699987411499,-35.839500427246094,19.40839958190918,28.08810043334961,0.026900000870227814,-0.0851999968290329,-1.1690000295639038
472,2021-09-16 16:05:15.573192,9.395099639892578,-34.71160125732422,23.014299392700195,26.40399932861328,0.04470000043511391,0.00860000029206276,-1.207800030708313
473,2021-09-16 16:05:32.372762,3.4593000411987305,-31.212799072265625,21.229999542236328,28.815799713134766,0.00860000029206276,-0.0215000007301569,-1.047700047492981
474,2021-09-16 16:05:33.832202,2.15910005569458,-33.62179946899414,20.28890037536621,26.924699783325195,0.03999999910593033,-0.014100000262260437,-1.0602999925613403
475,2021-09-16 16:05:45.471637,-1.1160000562667847,-35.320899963378906,16.741199493408203,25.50749969482422,0.07490000128746033,-0.0215000007301569,-1.0612000226974487
476,2021-09-16 16:05:46.921348,-0.5806999802589417,-36.03070068359375,16.397499084472656,24.669200897216797,0.07209999859333038,0.023600000888109207,-1.1232999563217163
477,2021-09-16 16:05:53.351168,-2.088099956512451,-34.47880172729492,16.59269905090332,25.694900512695312,0.04470000043511391,0.018300000578165054,-1.0641000270843506
478,2021-09-16 16:05:54.804478,-2.1800999641418457,-33.31100082397461,15.630999565124512,27.947200775146484,0.027899999171495438,0.003700000001117587,-1.0648000240325928
479,2021-09-16 16:05:56.264979,-3.3401999473571777,-33.78010177612305,18.750499725341797,24.964599609375,0.007899999618530273,0.11270000040531158,-1.041100025177002
480,2021-09-16 16:05:57.717408,-5.238699913024902,-34.280399322509766,12.123499870300293,28.149700164794922,0.0284000001847744,-0.05550000071525574,-1.0363999605178833
481,2021-09-16 16:05:59.167476,-4.719600200653076,-36.6161003112793,10.625399589538574,25.839000701904297,0.05480000004172325,0.0019000000320374966,-1.1496000289916992
482,2021-09-16 16:06:00.850994,-5.490699768066406,-37.12860107421875,9.054100036621094,25.52519989013672,0.05719999969005585,0.008700000122189522,-1.177899956703186
483,2021-09-16 16:06:02.306588,-6.278500080108643,-39.29970169067383,4.446100234985352,23.411300659179688,0.10679999738931656,-0.016899999231100082,-1.2663999795913696
484,2021-09-16 16:06:03.750840,-6.694200038909912,-37.33829879760742,0.10559999942779541,26.641399383544922,0.04309999942779541,-0.0044999998062849045,-1.378100037574768
485,2021-09-16 16:06:05.207906,-5.7093000411987305,-37.848899841308594,0.17589999735355377,25.77750015258789,0.03720000013709068,0.10589999705553055,-1.488800048828125
486,2021-09-16 16:06:11.602784,-8.34570026397705,-34.62289810180664,-14.455499649047852,25.895099639892578,0.030500000342726707,-0.02879999950528145,-1.7242000102996826
487,2021-09-16 16:06:13.050501,-10.470800399780273,-32.6515998840332,-18.24449920654297,25.762699127197266,-0.0035000001080334187,-0.07850000262260437,-1.7388999462127686
488,2021-09-16 16:06:14.501409,-10.140700340270996,-32.606201171875,-18.10140037536621,25.741500854492188,-0.012900000438094139,-0.08640000224113464,-1.7381999492645264
489,2021-09-16 16:06:15.956137,-10.720600128173828,-36.00239944458008,-12.677599906921387,24.66010093688965,0.07540000230073929,0.035599999129772186,-1.6553000211715698
490,2021-09-16 16:06:17.407400,-9.879300117492676,-33.48910140991211,-3.848299980163574,30.036500930786133,-0.015399999916553497,0.11270000040531158,-1.4895000457763672
491,2021-09-16 16:06:18.856264,-10.497200012207031,-34.971500396728516,-1.3651000261306763,28.48889923095703,-0.005400000140070915,-0.03610000014305115,-1.2770999670028687
492,2021-09-16 16:06:20.315025,-11.667699813842773,-35.60319900512695,5.522299766540527,27.245899200439453,0.012600000016391277,0.0364999994635582,-1.1092000007629395
493,2021-09-16 16:06:26.827749,-13.214699745178223,-36.604000091552734,9.617199897766113,24.177799224853516,0.09080000221729279,-0.0575999990105629,-0.8799999952316284
494,2021-09-16 16:06:28.277102,-14.484000205993652,-32.28120040893555,8.641599655151367,29.86319923400879,-0.049400001764297485,-0.03629999980330467,-0.8659999966621399
495,2021-09-16 16:06:45.014174,-14.998499870300293,-36.1416015625,-0.14810000360012054,28.01129913330078,0.002300000051036477,-0.047600001096725464,-1.1093000173568726
496,2021-09-16 16:06:51.472481,-15.1358003616333,-41.419700622558594,-7.747300148010254,20.17889976501465,0.1428000032901764,0.01730000041425228,-1.3839000463485718
497,2021-09-16 16:06:52.922068,-15.096099853515625,-37.94219970703125,-10.15839958190918,25.212299346923828,0.048500001430511475,0.026399999856948853,-1.4531999826431274
498,2021-09-16 16:06:54.371192,-15.591699600219727,-37.55739974975586,-13.826800346374512,24.39189910888672,0.053599998354911804,0.0026000000070780516,-1.5234999656677246
499,2021-09-16 16:06:55.831890,-16.298200607299805,-35.308799743652344,-18.25469970703125,25.485300064086914,-0.000699999975040555,-0.05860000103712082,-1.5829999446868896
500,2021-09-16 16:06:57.283189,-15.116900444030762,-35.27640151977539,-18.600500106811523,25.97559928894043,0.006099999882280827,-0.02810000069439411,-1.6474000215530396
501,2021-09-16 16:07:08.851141,-15.229000091552734,-31.026599884033203,-29.835100173950195,21.831899642944336,0.06480000168085098,-0.04659999907016754,-1.9628000259399414
502,2021-09-16 16:07:11.563718,-15.961000442504883,-28.0226993560791,-30.501699447631836,24.451799392700195,0.019200000911951065,-0.03280000016093254,-1.9879000186920166
503,2021-09-16 16:07:13.018613,-15.355999946594238,-30.40250015258789,-27.290199279785156,25.488100051879883,0.05460000038146973,0.03420000150799751,-1.9531999826431274
504,2021-09-16 16:07:34.882097,-16.44700050354004,-44.35960006713867,-10.064900398254395,20.150400161743164,0.1200999990105629,0.035999998450279236,-1.436400055885315
505,2021-09-16 16:07:41.493016,-17.045299530029297,-45.17620086669922,5.998600006103516,22.88719940185547,0.06700000166893005,0.04639999940991402,-1.0614999532699585
506,2021-09-16 16:07:42.951609,-17.371700286865234,-43.803001403808594,6.8678998947143555,25.642099380493164,0.021800000220537186,0.002099999925121665,-1.0063999891281128
507,2021-09-16 16:07:54.688220,-17.28510093688965,-31.545299530029297,35.82929992675781,22.627500534057617,0.050599999725818634,0.04820000007748604,-0.335099995136261
508,2021-09-16 16:07:56.151985,-17.970199584960938,-29.463699340820312,36.67679977416992,24.36359977722168,0.056699998676776886,0.020600000396370888,-0.25600001215934753
509,2021-09-16 16:08:18.058853,-13.642999649047852,1.2624000310897827,45.24089813232422,25.448299407958984,0.04749999940395355,0.01899999938905239,0.3643999993801117
510,2021-09-16 16:08:55.651143,-3.9333999156951904,-29.789199829101562,26.833099365234375,26.206899642944336,0.045899998396635056,-0.033900000154972076,-0.7006999850273132
511,2021-09-16 16:08:57.120390,-4.510799884796143,-32.198299407958984,24.087099075317383,26.3302001953125,0.039799999445676804,-0.04100000113248825,-0.777400016784668
512,2021-09-16 16:09:34.609475,4.998499870300293,-39.535400390625,0.12549999356269836,26.53179931640625,0.01759999990463257,0.005100000184029341,-1.6993999481201172
513,2021-09-16 16:09:46.253427,7.068600177764893,-39.3755989074707,-8.374300003051758,26.14259910583496,0.017799999564886093,-0.026200000196695328,-1.944599986076355
514,2021-09-16 16:09:47.705055,8.636300086975098,-39.4380989074707,-8.659899711608887,25.93239974975586,0.03929999843239784,-0.004000000189989805,-2.0113000869750977
515,2021-09-16 16:09:59.302919,8.887700080871582,-41.23310089111328,-2.3190999031066895,24.875699996948242,0.07159999758005142,0.0019000000320374966,-1.8583999872207642
516,2021-09-16 16:10:00.756974,8.233699798583984,-38.26179885864258,-0.5619999766349792,29.408199310302734,-0.018699999898672104,0.029500000178813934,-1.8207000494003296
517,2021-09-16 16:10:02.212408,9.787599563598633,-42.5443000793457,-1.6958999633789062,23.37929916381836,0.09769999980926514,0.0284000001847744,-1.8788000345230103
518,2021-09-16 16:10:18.951881,13.375699996948242,-41.97019958496094,10.43340015411377,23.643299102783203,0.06960000097751617,0.07090000063180923,-1.6930999755859375
519,2021-09-16 16:10:25.377349,12.139800071716309,-41.456600189208984,4.769100189208984,26.741300582885742,0.039799999445676804,-0.04610000178217888,-1.7235000133514404
520,2021-09-16 16:10:26.845524,12.44950008392334,-39.32550048828125,2.6115000247955322,29.97369956970215,-0.012600000016391277,-0.08330000191926956,-1.7604999542236328
521,2021-09-16 16:10:28.402791,13.607600212097168,-42.43069839477539,8.331000328063965,23.960399627685547,0.06610000133514404,-0.003700000001117587,-1.7000000476837158
522,2021-09-16 16:10:29.860399,14.294899940490723,-40.227298736572266,12.844099998474121,26.00779914855957,0.02969999983906746,0.06949999928474426,-1.6574000120162964
523,2021-09-16 16:10:31.417361,14.571999549865723,-37.97489929199219,9.192999839782715,30.30590057373047,-0.026000000536441803,-0.01850000023841858,-1.6979999542236328
524,2021-09-16 16:10:32.973551,15.071599960327148,-42.354801177978516,11.07450008392334,22.797700881958008,0.07590000331401825,0.040300000458955765,-1.6979000568389893
525,2021-09-16 16:10:34.535511,11.861100196838379,-39.72600173950195,11.871899604797363,26.667299270629883,-0.00019999999494757503,0.052400000393390656,-1.6061999797821045
526,2021-09-16 16:10:35.997707,12.509400367736816,-40.29869842529297,15.014100074768066,24.011499404907227,0.048500001430511475,0.05270000174641609,-1.5422999858856201
527,2021-09-16 16:10:37.453868,11.444199562072754,-41.972999572753906,11.614100456237793,22.77199935913086,0.08100000023841858,-0.010099999606609344,-1.559999942779541
528,2021-09-16 16:10:59.512222,12.379199981689453,-42.040199279785156,12.444100379943848,21.335599899291992,0.03959999978542328,0.05249999836087227,-1.5990999937057495
529,2021-09-16 16:11:00.970101,12.324299812316895,-41.06520080566406,11.491900444030762,23.273300170898438,-0.012199999764561653,0.09269999712705612,-1.6438000202178955
530,2021-09-16 16:11:02.422818,11.281800270080566,-40.844600677490234,3.2785000801086426,26.135700225830078,-0.03869999945163727,0.014100000262260437,-1.773300051689148
531,2021-09-16 16:11:03.880010,10.93850040435791,-44.40380096435547,-2.309499979019165,19.76409912109375,0.06560000032186508,0.02969999983906746,-1.8964999914169312
532,2021-09-16 16:11:10.306550,10.845600128173828,-42.0453987121582,-1.5597000122070312,22.818199157714844,0.005900000222027302,0.06019999831914902,-1.9020999670028687
533,2021-09-16 16:11:11.677273,11.400300025939941,-42.1526985168457,8.506600379943848,20.045299530029297,0.04610000178217888,0.052000001072883606,-1.6700999736785889
534,2021-09-16 16:11:13.126681,11.770299911499023,-39.092201232910156,12.860400199890137,23.17609977722168,-0.030899999663233757,0.0560000017285347,-1.5748000144958496
535,2021-09-16 16:11:14.581757,12.142000198364258,-39.21820068359375,13.513899803161621,22.765100479125977,-0.035599999129772186,0.10400000214576721,-1.5937999486923218
536,2021-09-16 16:11:21.063585,12.020299911499023,-37.78379821777344,20.712799072265625,18.391399383544922,0.03189999982714653,0.03840000182390213,-1.367300033569336
537,2021-09-16 16:11:22.461337,12.531700134277344,-35.061798095703125,23.4512996673584,19.930099487304688,-0.012400000356137753,0.06790000200271606,-1.3177000284194946
538,2021-09-16 16:11:55.164943,11.631699562072754,-35.19649887084961,16.73080062866211,21.391000747680664,-0.05860000103712082,-0.0820000022649765,-1.3955999612808228
539,2021-09-16 16:12:06.794684,11.785900115966797,-35.952301025390625,20.596399307250977,13.901700019836426,0.014999999664723873,0.026499999687075615,-1.3473999500274658
540,2021-09-16 16:12:08.239484,11.462200164794922,-36.83679962158203,19.572900772094727,12.957500457763672,0.03139999881386757,0.049400001764297485,-1.3763999938964844
541,2021-09-16 16:12:09.670060,11.348299980163574,-36.313201904296875,20.779499053955078,11.709699630737305,0.0333000011742115,0.08429999649524689,-1.3517999649047852
542,2021-09-16 16:12:11.127357,11.132200241088867,-36.248600006103516,19.3887996673584,13.401399612426758,0.05689999833703041,-0.03370000049471855,-1.3365999460220337
543,2021-09-16 16:12:22.679022,11.1875,-31.45800018310547,24.002300262451172,14.33430004119873,-0.03400000184774399,0.03680000081658363,-1.2223999500274658
544,2021-09-16 16:12:39.450438,10.316100120544434,-34.91490173339844,17.199800491333008,10.675299644470215,0.03999999910593033,-0.048500001430511475,-1.3640999794006348
545,2021-09-16 16:12:40.906380,10.362099647521973,-34.050899505615234,18.700199127197266,10.24429988861084,0.04729999974370003,-0.012400000356137753,-1.3315000534057617
546,2021-09-16 16:12:42.348061,10.633199691772461,-34.49789810180664,16.72450065612793,11.464200019836426,0.05590000003576279,-0.04830000177025795,-1.3802000284194946
547,2021-09-16 16:12:53.915904,10.577400207519531,-30.58930015563965,24.031299591064453,5.486800193786621,0.06210000067949295,0.052400000393390656,-1.1865999698638916
548,2021-09-16 16:12:55.357712,9.577300071716309,-31.121400833129883,21.764400482177734,9.30679988861084,0.020800000056624413,-0.01899999938905239,-1.208799958229065
549,2021-09-16 16:12:56.735502,10.075499534606934,-31.49650001525879,22.185699462890625,7.413099765777588,0.04050000011920929,0.046300001442432404,-1.229599952697754
550,2021-09-16 16:13:19.167664,9.3818998336792,-34.915401458740234,12.667499542236328,1.2244999408721924,0.11540000140666962,0.031599998474121094,-1.4819999933242798
551,2021-09-16 16:13:25.570101,9.345800399780273,-35.41619873046875,8.673299789428711,3.527600049972534,0.06809999793767929,0.005100000184029341,-1.59089994430542
552,2021-09-16 16:13:31.974969,9.403200149536133,-34.79999923706055,8.56470012664795,3.2274999618530273,0.06459999829530716,0.0026000000070780516,-1.5956000089645386
553,2021-09-16 16:13:33.414672,8.723799705505371,-34.0452995300293,9.27869987487793,5.077899932861328,0.027799999341368675,0.0015999999595806003,-1.5547000169754028
554,2021-09-16 16:13:34.850244,8.891500473022461,-32.85210037231445,9.365900039672852,9.598600387573242,-0.04540000110864639,-0.030400000512599945,-1.549299955368042
555,2021-09-16 16:13:36.286750,8.963299751281738,-33.52870178222656,9.114299774169922,7.11299991607666,-0.014499999582767487,-0.004699999932199717,-1.5654000043869019
556,2021-09-16 16:13:47.938994,8.044400215148926,-33.44300079345703,6.587399959564209,3.316200017929077,0.014999999664723873,0.026399999856948853,-1.6176999807357788
557,2021-09-16 16:14:09.867321,7.676300048828125,-31.317100524902344,-4.312699794769287,2.1542999744415283,0.02969999983906746,-0.03610000014305115,-1.9503999948501587
558,2021-09-16 16:14:11.299044,5.420599937438965,-31.421499252319336,-1.8622000217437744,0.7875000238418579,0.043299999088048935,0.09600000083446503,-1.8097000122070312
559,2021-09-16 16:14:12.724216,6.083600044250488,-31.35759925842285,-2.235599994659424,1.2231999635696411,0.016100000590085983,0.09019999951124191,-1.8415000438690186
560,2021-09-16 16:14:14.156539,4.571499824523926,-31.055999755859375,-3.1593000888824463,1.7626999616622925,0.01080000028014183,-0.02319999970495701,-1.8178000450134277
561,2021-09-16 16:14:15.587380,5.693900108337402,-30.98590087890625,-0.17030000686645508,1.0746999979019165,0.02459999918937683,0.06909999996423721,-1.7654000520706177
562,2021-09-16 16:14:27.172184,4.645400047302246,-29.98710060119629,-3.0736000537872314,0.6640999913215637,0.03539999946951866,0.04610000178217888,-1.8305000066757202
563,2021-09-16 16:14:28.529577,4.839900016784668,-30.001800537109375,-3.253200054168701,-1.1085000038146973,0.06930000334978104,0.07280000299215317,-1.8417999744415283
564,2021-09-16 16:14:45.228201,3.177299976348877,-28.744199752807617,-1.6366000175476074,0.11659999936819077,-0.020800000056624413,0.026200000196695328,-1.7378000020980835
565,2021-09-16 16:14:46.656881,4.852200031280518,-28.074100494384766,0.25850000977516174,-6.553299903869629,0.13089999556541443,0.09229999780654907,-1.722599983215332
566,2021-09-16 16:14:53.074131,2.1953001022338867,-28.434900283813477,-0.1768999993801117,-3.9065001010894775,0.07159999758005142,0.018699999898672104,-1.652500033378601
567,2021-09-16 16:14:59.506979,1.9147000312805176,-28.457300186157227,-0.14409999549388885,-2.914599895477295,0.010599999688565731,0.019700000062584877,-1.6412999629974365
568,2021-09-16 16:15:00.933413,1.937999963760376,-28.256999969482422,-0.7886999845504761,-4.020599842071533,0.08619999885559082,0.08190000057220459,-1.6619000434875488
569,2021-09-16 16:15:12.654244,1.7914999723434448,-27.72960090637207,5.02810001373291,-4.155700206756592,0.007899999618530273,0.03400000184774399,-1.4505000114440918
570,2021-09-16 16:15:14.100081,1.7374000549316406,-27.824199676513672,3.3094000816345215,-5.471199989318848,0.06480000168085098,0.01850000023841858,-1.5126999616622925
