,a_modem_delayed_t,modem_delayed_X,modem_delayed_Y,modem_delayed_Z,modem_delayed_ori_W,modem_delayed_ori_X,modem_delayed_ori_Y,modem_delayed_ori_Z
0,2021-09-16 15:34:11.056905,-87.9570642193781,-52.17633749367802,23.602000045776368,0.6542222362920241,0.0,0.0,-0.7563023638341103
1,2021-09-16 15:34:17.507757,-91.1237031434326,-51.49514013089012,27.737599182128907,0.6771597944398885,0.0,0.0,-0.7358359958537826
2,2021-09-16 15:34:18.984476,-94.33976776863732,-45.90774661705043,27.49969940185547,0.7455836545881253,0.0,0.0,-0.666412045217533
3,2021-09-16 15:34:41.003116,-84.45060853376737,-52.892242166175706,25.716500091552735,0.7288322658276704,0.0,0.0,-0.6846922873002909
4,2021-09-16 15:34:47.529667,-93.49410971475166,-42.72659126032302,27.207800674438477,0.838455133072645,0.0,0.0,-0.5449706320749158
5,2021-09-16 15:34:49.011376,-83.98395431448009,-53.10702619029989,26.82750015258789,0.7609505848558114,0.0,0.0,-0.6488098391729265
6,2021-09-16 15:34:55.550551,-87.78272944599301,-48.06052839187585,28.004099655151368,0.8215341715053064,0.0,0.0,-0.570159280420033
7,2021-09-16 15:35:02.078309,-81.26463165943412,-57.07425052664489,26.959400939941407,0.724597476662673,0.0,0.0,-0.6891723273710916
8,2021-09-16 15:35:03.570259,-84.80730032856965,-51.354905119324904,28.033400344848634,0.7767217221358225,0.0,0.0,-0.629843922223881
9,2021-09-16 15:35:06.417076,-82.47390331680707,-53.14266602235918,28.59640007019043,0.8022854541238715,0.0,0.0,-0.5969405750166873
10,2021-09-16 15:35:07.902119,-90.67377149882773,-43.897636202122015,28.225600051879884,0.8535294209015639,0.0,0.0,-0.5210446503472048
11,2021-09-16 15:35:24.753362,-79.52980736067555,-54.791977303468855,27.057299423217774,0.7881504041027498,0.0,0.0,-0.6154826890438692
12,2021-09-16 15:35:26.245796,-75.86705893753198,-63.99691402506558,26.77920036315918,0.6926718928074795,0.0,0.0,-0.7212528328641098
13,2021-09-16 15:35:27.739232,-87.42962904733332,-44.169146584293316,27.474100875854493,0.8525322978850306,0.0,0.0,-0.5226745460254109
14,2021-09-16 15:35:34.267286,-77.3202486102052,-66.53394764096737,28.204699325561524,0.6759836240010343,0.0,0.0,-0.7369166439173621
15,2021-09-16 15:35:35.785015,-82.41426309949286,-58.321137330314144,28.076300430297852,0.8034268467003574,0.0,0.0,-0.595403478324674
16,2021-09-16 15:35:38.602121,-80.13018639695188,-63.54266166528298,28.041899490356446,0.7076927325907616,0.0,0.0,-0.7065203438247343
17,2021-09-16 15:35:40.087218,-82.97676469869683,-56.59878438075965,28.383499908447266,0.7974978938588614,0.0,0.0,-0.6033217295031568
18,2021-09-16 15:35:46.612351,-81.88253911458129,-60.6872605958931,26.6572998046875,0.7972404918698586,0.0,0.0,-0.6036618243048884
19,2021-09-16 15:35:53.054304,-82.85882901649832,-72.01025655174678,29.19200019836426,0.6845485080317107,0.0,0.0,-0.7289673107564967
20,2021-09-16 15:35:59.587736,-88.64044062704215,-65.37224270003207,29.859700012207032,0.6821031623395334,0.0,0.0,-0.7312559578741278
21,2021-09-16 15:36:01.068780,-90.14945776314693,-56.01869926015526,28.378699111938477,0.8059460614649492,0.0,0.0,-0.5919889745672097
22,2021-09-16 15:36:12.648253,-95.21687053623091,-49.270036375462354,27.653500366210938,0.8164186790232787,0.0,0.0,-0.5774604233554752
23,2021-09-16 15:36:14.125282,-97.16613685765635,-50.55921069312564,28.748400497436524,0.8481924260453991,0.0,0.0,-0.5296882181049718
24,2021-09-16 15:36:15.602052,-90.04039722743903,-57.626034447865464,27.210999298095704,0.8037789066662386,0.0,0.0,-0.59492812103516
25,2021-09-16 15:36:17.080314,-87.42930745050917,-58.86163435896647,27.869299697875977,0.734484814115918,0.0,0.0,-0.6786251231962351
26,2021-09-16 15:36:18.554938,-87.73442593392124,-68.58259832240438,29.36489944458008,0.6743072334052164,0.0,0.0,-0.7384509157536492
27,2021-09-16 15:36:20.034022,-88.51261190494155,-63.43797444251578,28.37119941711426,0.6967167662191354,0.0,0.0,-0.717346323381636
28,2021-09-16 15:36:26.512485,-93.64816272898886,-57.09380082246565,29.222500610351563,0.7632407041612908,0.0,0.0,-0.6461142526762408
29,2021-09-16 15:36:43.245282,-97.33031114289292,-52.87774919847489,26.78520088195801,0.7454053930946329,0.0,0.0,-0.6666114310041764
30,2021-09-16 15:36:44.724750,-94.81492310658663,-56.84166675136709,27.019499588012696,0.6991740573401884,0.0,0.0,-0.7149514931395409
31,2021-09-16 15:36:46.195312,-87.62652634788145,-65.69419113876828,23.963799285888673,0.5533641628170141,0.0,0.0,-0.832939435559288
32,2021-09-16 15:36:53.607143,-96.7740709266824,-60.37468463872131,27.601799774169923,0.6162253652998513,0.0,0.0,-0.7875698693837042
33,2021-09-16 15:37:05.261356,-100.69443668419991,-53.45984745348932,27.23400001525879,0.6941221446998669,0.0,0.0,-0.7198572415675605
34,2021-09-16 15:37:11.744990,-97.28345206948107,-56.618990671453226,26.168600845336915,0.6514808686808827,0.0,0.0,-0.7586650629512357
35,2021-09-16 15:37:28.614565,-99.78412715761931,-53.77987587497441,24.656399536132813,0.6171758258009542,0.0,0.0,-0.7868252665280331
36,2021-09-16 15:37:35.061944,-107.15897075304872,-50.166389256995615,26.356100845336915,0.6205637435973826,0.0,0.0,-0.7841560049712059
37,2021-09-16 15:37:36.533410,-109.97219704003646,-49.07484392432233,27.226300048828126,0.7148084814605877,0.0,0.0,-0.699320266281486
38,2021-09-16 15:37:38.001860,-111.12871028439618,-45.310980268704604,26.418600845336915,0.7551172254827078,0.0,0.0,-0.6555897923086489
39,2021-09-16 15:37:39.463255,-107.56226530738422,-50.205970980232216,26.677899169921876,0.664150684883889,0.0,0.0,-0.7475987344613829
40,2021-09-16 15:37:40.895276,-105.66591869153092,-48.06864005282043,23.82400016784668,0.6613387634920109,0.0,0.0,-0.7500873548479924
41,2021-09-16 15:37:57.671291,-107.7797074102871,-45.3350430618339,23.975100326538087,0.6583422513542094,0.0,0.0,-0.7527187257414757
42,2021-09-16 15:38:04.042611,-117.97191228500976,-42.54948498096897,25.811499404907227,0.7149675120729206,0.0,0.0,-0.6991576765510468
43,2021-09-16 15:38:05.480375,-109.37120720653516,-45.69269846446227,25.26940040588379,0.6203558593351518,0.0,0.0,-0.7843204751812523
44,2021-09-16 15:38:22.384311,-100.53975275674384,-49.431980775480454,23.484200286865235,0.4516409976927624,0.0,0.0,-0.8921997585760075
45,2021-09-16 15:38:44.357150,-102.63349311999178,-45.38487909973232,24.488400268554688,0.5271811646405069,0.0,0.0,-0.8497529168224601
46,2021-09-16 15:38:50.830268,-94.33521168875106,-51.536975717044,23.166199493408204,0.4735935379890277,0.0,0.0,-0.8807435272399312
47,2021-09-16 15:38:57.261257,-95.43956324109152,-51.10432071588893,24.490099716186524,0.45470925386578415,0.0,0.0,-0.890639935354811
48,2021-09-16 15:38:58.708010,-94.07202708451847,-56.44276374183596,24.841099548339844,0.4269802852080078,0.0,0.0,-0.9042609336047247
49,2021-09-16 15:39:00.188378,-98.43352577709524,-52.397228690224026,26.52279930114746,0.46494558452178464,0.0,0.0,-0.885339258947493
50,2021-09-16 15:39:01.664138,-95.6631303378614,-51.936614148223484,23.476000595092774,0.46522547808884707,0.0,0.0,-0.8851922133282712
51,2021-09-16 15:39:03.148014,-101.30370087597277,-45.31321055241287,23.888600158691407,0.5972510840041022,0.0,0.0,-0.8020543264991
52,2021-09-16 15:39:04.618052,-98.6098880554277,-46.57032942919749,22.625599670410157,0.5807297784280814,0.0,0.0,-0.8140963852314242
53,2021-09-16 15:39:16.282489,-103.12635028677752,-44.876235478377666,25.358500289916993,0.6766626143369391,0.0,0.0,-0.7362932203671978
54,2021-09-16 15:39:22.711029,-104.65343194405217,-43.86073264544297,25.878100204467774,0.7143938757205,0.0,0.0,-0.6997438033545155
55,2021-09-16 15:39:24.190895,-107.41190376477101,-42.45849448656643,27.337500381469727,0.7833725861207244,0.0,0.0,-0.6215524043188381
56,2021-09-16 15:39:25.661901,-106.00739690670252,-43.73879813751611,27.965700912475587,0.8062447595760271,0.0,0.0,-0.5915821055916027
57,2021-09-16 15:39:37.350568,-106.78332495780109,-39.71601103974905,26.49569969177246,0.856509793347894,0.0,0.0,-0.5161307720908993
58,2021-09-16 15:39:43.881133,-101.15567443372245,-44.15926966539668,26.352499771118165,0.7970503085337629,0.0,0.0,-0.603912912319511
59,2021-09-16 15:39:45.361376,-101.19662784974398,-43.00673833076374,25.610400009155274,0.8404701107581479,0.0,0.0,-0.5418579084245118
60,2021-09-16 15:39:51.789335,-112.70821187021085,-40.46739801403348,28.924000549316407,0.8521036112733259,0.0,0.0,-0.5233731323395926
61,2021-09-16 15:40:03.433764,-96.5180278774642,-46.73955533716257,26.82639961242676,0.8061209986244786,0.0,0.0,-0.591750737706911
62,2021-09-16 15:40:04.915700,-100.4872355608914,-39.87557904497138,24.96830062866211,0.8898739789078218,0.0,0.0,-0.4562064243988258
63,2021-09-16 15:40:06.394905,-93.50666745954155,-50.58535738833264,26.838799285888673,0.8079098267676753,0.0,0.0,-0.5893061274178514
64,2021-09-16 15:40:07.873191,-99.90257969128027,-43.85085367335128,27.078600692749024,0.8539828729257734,0.0,0.0,-0.5203011173824659
65,2021-09-16 15:40:24.655178,-85.96221726292066,-58.21786960859785,26.960600662231446,0.7484657394505645,0.0,0.0,-0.6631734591106009
66,2021-09-16 15:40:26.137887,-99.70505637476646,-41.80139498948565,28.286900329589844,0.8812733641069949,0.0,0.0,-0.4726068743845567
67,2021-09-16 15:40:32.684634,-94.07366981563668,-47.20567664682639,28.2783992767334,0.8653974333887247,0.0,0.0,-0.5010861026652085
68,2021-09-16 15:40:44.287467,-88.621808806141,-49.491365903527054,27.702999877929688,0.8555201550999222,0.0,0.0,-0.5177695087756762
69,2021-09-16 15:40:45.739048,-104.66095255133477,-38.83580600146043,30.101599502563477,0.9418904228841436,0.0,0.0,-0.33592027518315887
70,2021-09-16 15:40:47.225256,-87.56415790653182,-52.87170263449753,28.369000244140626,0.8361569330381053,0.0,0.0,-0.5484902764245775
71,2021-09-16 15:40:48.724638,-90.6360704706602,-47.394463095111846,27.414200592041016,0.8667531734108461,0.0,0.0,-0.49873734207719767
72,2021-09-16 15:41:05.418786,-85.65338693817239,-54.75107703420788,27.427500534057618,0.845667965321767,0.0,0.0,-0.5337093707520439
73,2021-09-16 15:41:17.122822,-83.04594848478528,-65.73677801836051,28.014899063110352,0.7050714715185747,0.0,0.0,-0.7091362492854469
74,2021-09-16 15:41:18.630921,-87.09565470100563,-58.34704190523782,29.026499557495118,0.8299166494468644,0.0,0.0,-0.5578874034882759
75,2021-09-16 15:41:20.112691,-85.2857485423221,-67.55506308220187,30.64869956970215,0.7861582718764273,0.0,0.0,-0.6180252191943865
76,2021-09-16 15:41:31.829590,-85.26205592499967,-68.65680912313182,29.49179916381836,0.7447593516155809,0.0,0.0,-0.6673331313378195
77,2021-09-16 15:41:33.311308,-91.10631146183829,-57.917211237120924,30.06420021057129,0.7896211133561604,0.0,0.0,-0.6135947337959948
78,2021-09-16 15:41:34.962698,-92.94814922140893,-59.51294247781726,31.26229934692383,0.7779727640217785,0.0,0.0,-0.6282980013021799
79,2021-09-16 15:41:41.503046,-87.02317741985384,-63.67985990081983,28.446299362182618,0.7869833859995821,0.0,0.0,-0.6169741892175334
80,2021-09-16 15:41:48.020044,-87.43761910628623,-64.01120889584621,28.095799255371094,0.7869330809707071,0.0,0.0,-0.6170383505698414
81,2021-09-16 15:41:49.494090,-92.88164789094215,-56.786834561741934,29.8231990814209,0.7935846865430218,0.0,0.0,-0.6084598140258843
82,2021-09-16 15:41:56.018072,-88.7285751761771,-66.98047497019061,29.691799926757813,0.7262291884008154,0.0,0.0,-0.6874526644902127
83,2021-09-16 15:41:57.494204,-91.44754074962363,-60.91860432508963,29.12360076904297,0.7737653865918397,0.0,0.0,-0.6334722776194558
84,2021-09-16 15:41:58.971166,-91.71420793842677,-65.46424727093955,29.851599502563477,0.7041239474920865,0.0,0.0,-0.7100770849479382
85,2021-09-16 15:42:00.452287,-90.41299447728099,-61.713719827371996,28.200699615478516,0.7257430915021649,0.0,0.0,-0.687965816837494
86,2021-09-16 15:42:06.967540,-93.01753506023448,-59.77502725390167,28.431399154663087,0.7809305946995504,0.0,0.0,-0.624617808153279
87,2021-09-16 15:42:13.487375,-99.73495424604914,-55.284504608108975,29.76430015563965,0.770564812372263,0.0,0.0,-0.6373616476802625
88,2021-09-16 15:42:14.958339,-98.66215975793007,-53.94756386697996,28.818999099731446,0.8131120560387003,0.0,0.0,-0.5821071931564817
89,2021-09-16 15:42:16.430600,-93.53088125824146,-64.30125796911148,28.766899871826173,0.7040189065193878,0.0,0.0,-0.7101812298725203
90,2021-09-16 15:42:17.901064,-99.297207897634,-56.2693731269633,29.713799285888673,0.7938035955768517,0.0,0.0,-0.6081741951523939
91,2021-09-16 15:42:24.339197,-102.83581381261749,-51.13337492266224,27.89709930419922,0.8495354948304158,0.0,0.0,-0.5275314616430385
92,2021-09-16 15:42:41.171345,-112.04307063313661,-50.664980609309424,29.556999969482423,0.839850712894466,0.0,0.0,-0.5428174463396117
93,2021-09-16 15:42:47.619589,-108.32036789648664,-49.07378637002451,27.723999786376954,0.8435200212274595,0.0,0.0,-0.5370977320641248
94,2021-09-16 15:42:49.087523,-106.57193971973476,-50.83681033745176,27.749600219726563,0.7980283156421303,0.0,0.0,-0.6026199527342125
95,2021-09-16 15:42:55.600287,-106.3921129163164,-49.75993023577196,26.94229965209961,0.7952079781028223,0.0,0.0,-0.6063367641514253
96,2021-09-16 15:42:57.068547,-111.04740789241708,-49.021305266226385,28.2064998626709,0.8283063779269724,0.0,0.0,-0.5602754182413321
97,2021-09-16 15:43:03.497072,-113.03375342264316,-47.34518203251925,28.26109962463379,0.8463231994898399,0.0,0.0,-0.5326697307011922
98,2021-09-16 15:43:04.897898,-114.66277707904199,-48.35690843606446,28.62309913635254,0.8203775644737051,0.0,0.0,-0.571822220369401
99,2021-09-16 15:43:06.365091,-107.04985917947994,-52.161413216833154,27.400900650024415,0.7291374505595235,0.0,0.0,-0.6843672831101428
100,2021-09-16 15:43:07.819048,-109.47609657852988,-48.225797472268326,26.53200035095215,0.789432803871665,0.0,0.0,-0.6138369882723924
101,2021-09-16 15:43:24.624039,-120.30759136659846,-43.141717907509744,27.256600189208985,0.8428439922802594,0.0,0.0,-0.538157973718753
102,2021-09-16 15:43:26.034022,-126.11276560594601,-43.00636774739372,28.573099899291993,0.8717213198666085,0.0,0.0,-0.49000198008785434
103,2021-09-16 15:43:27.499893,-126.49638021824013,-43.49991279729069,28.561600494384766,0.8542817046016447,0.0,0.0,-0.5198103203889938
104,2021-09-16 15:43:30.226773,-123.01141234879398,-43.78206032582297,28.03520088195801,0.8475452686316584,0.0,0.0,-0.5307231082401539
105,2021-09-16 15:43:31.693723,-124.06039490422009,-42.97430353764383,27.485100555419923,0.8537132426961492,0.0,0.0,-0.5207434101793569
106,2021-09-16 15:43:43.282813,-124.30720203225553,-42.6245508163492,27.271200942993165,0.8443016048506052,0.0,0.0,-0.5358682674377093
107,2021-09-16 15:43:49.717043,-115.24644968859748,-46.081594086731926,26.28590087890625,0.7041249149702373,0.0,0.0,-0.7100761255796142
108,2021-09-16 15:43:56.154286,-127.85201050286805,-39.92470562997045,26.48790054321289,0.8421729769006361,0.0,0.0,-0.539207452636108
109,2021-09-16 15:43:57.622346,-116.1973895333918,-43.17657975155126,25.35780029296875,0.7519604021972094,0.0,0.0,-0.6592082778055894
110,2021-09-16 15:44:14.510517,-113.64939375153682,-41.46510002868723,25.641899871826173,0.7543835267155856,0.0,0.0,-0.656433922508698
111,2021-09-16 15:44:21.025997,-120.31985358402973,-38.23110868964437,25.59960060119629,0.7935395528444429,0.0,0.0,-0.6085186752035155
112,2021-09-16 15:44:27.550631,-112.0314495999475,-39.84943868074984,24.176800537109376,0.7677557120583435,0.0,0.0,-0.6407426680047038
113,2021-09-16 15:44:29.116451,-106.40189055402857,-42.92085413143406,22.329600143432618,0.6952249253533457,0.0,0.0,-0.7187922531353791
114,2021-09-16 15:44:30.535350,-112.91911315316972,-40.06459113216981,24.27570037841797,0.7482422143051738,0.0,0.0,-0.6634256467244015
115,2021-09-16 15:44:31.952392,-113.41101408272198,-41.32297310322684,25.44419937133789,0.7469937255107012,0.0,0.0,-0.6648310868541296
116,2021-09-16 15:44:33.426136,-107.9401611024154,-43.31872547236104,24.16129951477051,0.6923158457695961,0.0,0.0,-0.7215946020421222
117,2021-09-16 15:44:34.900855,-106.18753966704179,-43.7883940595241,23.981100845336915,0.7091999310808226,0.0,0.0,-0.7050074168084733
118,2021-09-16 15:44:36.330799,-112.79131956236907,-40.50013072287109,25.191300201416016,0.7670638255897039,0.0,0.0,-0.6415707969286698
119,2021-09-16 15:44:39.133594,-104.01286238441095,-47.08247082838725,25.059700775146485,0.6575157031804455,0.0,0.0,-0.7534408404587081
120,2021-09-16 15:44:45.640052,-109.38695910404309,-45.35768328007877,26.78240089416504,0.7468000953863182,0.0,0.0,-0.6650485828351084
121,2021-09-16 15:45:02.389998,-102.76139217241084,-46.45613996523686,25.60229949951172,0.7701232578530802,0.0,0.0,-0.637895107140475
122,2021-09-16 15:45:03.867021,-108.65524368830553,-46.061691622559266,27.921299743652344,0.8038105225005475,0.0,0.0,-0.5948854040211415
123,2021-09-16 15:45:10.416247,-105.71341737137,-45.531369671063146,27.071900177001954,0.786400061346325,0.0,0.0,-0.6177175272845156
124,2021-09-16 15:45:11.887850,-102.25623613570465,-49.67713036841146,27.67540054321289,0.7472344345586431,0.0,0.0,-0.6645605313361792
125,2021-09-16 15:45:13.356490,-102.38542706431903,-47.65847094982931,27.046000289916993,0.7728686559886903,0.0,0.0,-0.6345660253986465
126,2021-09-16 15:45:14.839161,-109.02781468274793,-42.96849025778676,27.699499893188477,0.8315515287338483,0.0,0.0,-0.5554476168464492
127,2021-09-16 15:45:21.277251,-104.14285651483361,-48.85216856391368,28.52640037536621,0.7643012587374521,0.0,0.0,-0.6448593535743637
128,2021-09-16 15:45:22.755487,-103.56543282474253,-46.622294486572756,26.91720085144043,0.8121516352570509,0.0,0.0,-0.5834464168621641
129,2021-09-16 15:45:29.212015,-108.84938939520113,-43.1069863863059,28.477000045776368,0.8515973857855642,0.0,0.0,-0.5241964255154674
130,2021-09-16 15:45:35.726832,-104.08223791704323,-44.973424599587446,28.592299270629884,0.8589421861634061,0.0,0.0,-0.5120725737908921
131,2021-09-16 15:45:37.154017,-99.77153025569889,-52.01715878584548,29.96390037536621,0.7972506549747994,0.0,0.0,-0.6036484019213944
132,2021-09-16 15:45:54.000056,-93.95070747100742,-52.055997356239956,27.88300018310547,0.8022593471181638,0.0,0.0,-0.596975661113196
133,2021-09-16 15:45:55.485665,-92.56116814623077,-55.29593049223427,27.58779983520508,0.7237717239643638,0.0,0.0,-0.6900394855293809
134,2021-09-16 15:46:22.673207,-89.5614522011081,-51.356146566820996,27.20690040588379,0.8300379177434536,0.0,0.0,-0.5577069616815911
135,2021-09-16 15:46:29.120472,-94.94393273321653,-48.05427400891202,30.048899459838868,0.884994813499504,0.0,0.0,-0.46560088066817285
136,2021-09-16 15:46:35.555277,-91.31268136976155,-54.43615377392497,30.264599609375,0.8513994265574296,0.0,0.0,-0.5245178895497083
137,2021-09-16 15:46:37.034875,-83.18875587139162,-62.49714325405499,27.700800704956055,0.7716295376871267,0.0,0.0,-0.6360722101843085
138,2021-09-16 15:46:38.521142,-87.50308295473697,-55.45158251482809,29.392199325561524,0.8092862785533846,0.0,0.0,-0.5874144357650852
139,2021-09-16 15:46:39.995346,-85.49436162393135,-59.22333593076575,27.589899826049805,0.811238736916677,0.0,0.0,-0.5847150688376642
140,2021-09-16 15:46:41.473077,-81.87728323965771,-71.27572132034524,29.837300109863282,0.698316497811469,0.0,0.0,-0.7157891231950403
141,2021-09-16 15:46:44.208454,-82.425534606692,-64.77382179526026,28.65610008239746,0.7604731104623537,0.0,0.0,-0.6493694235669808
142,2021-09-16 15:46:45.685534,-84.73540660445704,-67.7542044049952,29.516299057006837,0.7177276313004433,0.0,0.0,-0.6963239528178353
143,2021-09-16 15:46:47.168247,-82.9212174335624,-75.04288671039829,29.741200256347657,0.6752037095260842,0.0,0.0,-0.7376313107794539
144,2021-09-16 15:46:48.648475,-85.8021695515933,-61.733631639004,28.820000457763673,0.7722977489334168,0.0,0.0,-0.635260723634302
145,2021-09-16 15:46:55.099286,-90.91223084478301,-57.02205561350725,29.798899459838868,0.8528530921068456,0.0,0.0,-0.5221509391773536
146,2021-09-16 15:46:56.588333,-86.57313151286546,-66.30241441778193,29.913000869750977,0.7552051955193005,0.0,0.0,-0.6554884534914822
147,2021-09-16 15:47:00.892884,-86.53726534417014,-71.19532748384182,29.541500854492188,0.7416012676322665,0.0,0.0,-0.6708409348319581
148,2021-09-16 15:47:17.687490,-89.93655905833542,-76.3990298731271,31.42339973449707,0.6748548633842867,0.0,0.0,-0.7379504816493961
149,2021-09-16 15:47:19.165629,-88.90426681865067,-72.24355281676819,30.582899856567384,0.7129209253145908,0.0,0.0,-0.7012444325972133
150,2021-09-16 15:47:20.585406,-86.75625333979032,-82.62475924470692,30.637099075317384,0.6016882200864608,0.0,0.0,-0.798731047230034
151,2021-09-16 15:47:22.057342,-85.47440667669801,-80.21659895588917,29.71320037841797,0.5591160780699073,0.0,0.0,-0.8290893867634088
152,2021-09-16 15:47:28.577213,-93.14531426399157,-60.09177847569817,29.912300872802735,0.8135239068022372,0.0,0.0,-0.5815314721158477
153,2021-09-16 15:47:30.046820,-92.72554918334723,-63.506217005774865,30.49179916381836,0.7957934329454909,0.0,0.0,-0.605568172942428
154,2021-09-16 15:47:31.523617,-87.62037231853787,-85.25100688116964,30.178599166870118,0.5790119039003129,0.0,0.0,-0.8153190879292198
155,2021-09-16 15:47:32.996936,-94.85360989144158,-57.90258338638297,30.078499603271485,0.8129848274896553,0.0,0.0,-0.5822848703784218
156,2021-09-16 15:47:34.469320,-93.09172042388894,-64.53381291764856,30.427599716186524,0.8176987112626574,0.0,0.0,-0.575646434540673
157,2021-09-16 15:47:35.936867,-90.23567309814882,-73.61115255812426,29.860699462890626,0.6699172480281389,0.0,0.0,-0.7424357755350998
158,2021-09-16 15:47:37.409016,-93.3939884897833,-65.81657039588114,30.14869956970215,0.7348659604506709,0.0,0.0,-0.6782123709951869
159,2021-09-16 15:47:38.867885,-102.35360668225113,-55.328740568289646,30.37950019836426,0.8538510783853055,0.0,0.0,-0.5205173733318139
160,2021-09-16 15:47:40.435908,-93.77397351207716,-68.23235616902082,30.838299560546876,0.7395076140164042,0.0,0.0,-0.673148192311147
161,2021-09-16 15:47:46.918196,-99.35901563549507,-56.92848322966286,30.03900032043457,0.834100861789833,0.0,0.0,-0.5516119581385612
162,2021-09-16 15:47:53.448162,-91.6219255825857,-70.31565068142606,28.563599395751954,0.6367962594103076,0.0,0.0,-0.7710321160632936
163,2021-09-16 15:47:54.929007,-98.10026728404901,-62.38562260731332,29.482300567626954,0.7457599846340152,0.0,0.0,-0.6662147141265146
164,2021-09-16 15:47:56.398311,-97.59630052910242,-62.82337336336995,29.692099380493165,0.726770551663908,0.0,0.0,-0.6868803136166728
165,2021-09-16 15:48:02.868589,-94.05476419405511,-68.10731858887075,28.414500045776368,0.6468943324007729,0.0,0.0,-0.7625796500745076
166,2021-09-16 15:48:04.332143,-102.39482220877264,-60.52336107673659,29.735400009155274,0.7198661909311428,0.0,0.0,-0.694112863412203
167,2021-09-16 15:48:05.792124,-100.28270018186595,-62.88199840406824,29.57479934692383,0.6607372928310786,0.0,0.0,-0.7506172325907909
168,2021-09-16 15:48:07.268876,-99.22166963089953,-67.34250065905411,29.839199829101563,0.6104819346482836,0.0,0.0,-0.7920301809073242
169,2021-09-16 15:48:08.737835,-90.52893060018678,-81.01382326686294,27.49930076599121,0.4329831265372886,0.0,0.0,-0.9014020258097906
170,2021-09-16 15:48:10.185504,-94.73407099227195,-66.80456036136306,26.890499877929688,0.5431057139718954,0.0,0.0,-0.8396643278424288
171,2021-09-16 15:48:11.654590,-94.74296278651963,-72.32314148325202,27.88300018310547,0.5148377781105313,0.0,0.0,-0.8572876193146681
172,2021-09-16 15:48:18.068060,-97.16334863987197,-66.85581181686277,27.724699783325196,0.5071131414446115,0.0,0.0,-0.8618794937659078
173,2021-09-16 15:48:19.527847,-98.78924597263172,-70.1370338157312,28.499899673461915,0.425136174423853,0.0,0.0,-0.9051294013544424
174,2021-09-16 15:48:25.968744,-100.7697230006892,-66.0947730776389,28.196299362182618,0.4734879219896067,0.0,0.0,-0.8808003109274906
175,2021-09-16 15:48:27.432197,-102.06694929036618,-63.35269384109514,28.87229995727539,0.5964549288728264,0.0,0.0,-0.80264657092852
176,2021-09-16 15:48:33.940743,-101.27225014067054,-66.06512348577806,28.561499404907227,0.4772995767880706,0.0,0.0,-0.8787406409162652
177,2021-09-16 15:48:50.663579,-104.73630574720544,-66.77819561230787,29.611899185180665,0.31326172683292614,0.0,0.0,-0.9496668313159374
178,2021-09-16 15:48:52.127541,-101.85689370506256,-65.83804395449464,27.680699157714844,0.22994479440972007,0.0,0.0,-0.9732036742243997
179,2021-09-16 15:48:53.582122,-104.5038566909271,-64.07270587532823,28.453999328613282,0.3284696736863119,0.0,0.0,-0.9445145173412677
180,2021-09-16 15:48:55.043857,-103.71337078305754,-63.330037274409435,28.118099975585938,0.3824606557640209,0.0,0.0,-0.9239717781364077
181,2021-09-16 15:49:06.658746,-107.23338859823436,-60.685147741399796,29.322899627685548,0.4749144553520143,0.0,0.0,-0.8800319653840419
182,2021-09-16 15:49:08.119367,-105.80853371495975,-59.23867093019457,27.200999069213868,0.48614736813543946,0.0,0.0,-0.8738768428417047
183,2021-09-16 15:49:09.579790,-109.83396152890955,-57.03005105193415,28.67030029296875,0.5188200449306494,0.0,0.0,-0.8548834780121551
184,2021-09-16 15:49:11.043800,-106.3794998985033,-60.192443918283054,27.493099975585938,0.4515338723968509,0.0,0.0,-0.8922539784603397
185,2021-09-16 15:49:12.509402,-105.83935587128627,-58.712824542272394,27.061299133300782,0.463011512532491,0.0,0.0,-0.8863522658979188
186,2021-09-16 15:49:34.417922,-106.81897245065264,-55.29359792221497,26.089199829101563,0.33260706818940533,0.0,0.0,-0.9430655004772724
187,2021-09-16 15:49:35.879869,-106.81835809180077,-56.11400938342474,26.543799209594727,0.299644486484935,0.0,0.0,-0.9540509324554846
188,2021-09-16 15:49:37.366390,-106.64693587329982,-53.96300232860946,25.82039909362793,0.35005090797617383,0.0,0.0,-0.9367306773160876
189,2021-09-16 15:49:48.958999,-104.96558520049118,-52.101474920342376,25.262600708007813,0.27962385549246516,0.0,0.0,-0.9601096288651255
190,2021-09-16 15:49:50.380977,-108.19563461669601,-49.30469981768515,25.539999771118165,0.4077057140987337,0.0,0.0,-0.9131133832614883
191,2021-09-16 15:49:51.849717,-106.60360124083054,-53.20620896499268,27.441599655151368,0.3493694098455171,0.0,0.0,-0.9369850668309475
192,2021-09-16 15:49:53.321518,-104.5930486967867,-52.32161984623077,25.811899948120118,0.3526295233357381,0.0,0.0,-0.9357630144817705
193,2021-09-16 15:49:54.788065,-109.96865381213463,-52.16454992153198,28.307200241088868,0.4379395840083056,0.0,0.0,-0.8990044053054647
194,2021-09-16 15:50:06.480675,-102.59572150394368,-53.162395094375405,24.954600143432618,0.3578180593356906,0.0,0.0,-0.9337913238048638
195,2021-09-16 15:50:07.958746,-110.69487690690849,-46.187719426001024,25.681599426269532,0.5639042095727764,0.0,0.0,-0.8258402039293693
196,2021-09-16 15:50:09.430868,-103.40157840793563,-51.65482229313989,25.611500549316407,0.4831950610557513,0.0,0.0,-0.8755127257620695
197,2021-09-16 15:50:10.897359,-102.48910132236273,-54.26807927613149,25.72690086364746,0.45428843736475316,0.0,0.0,-0.8908546546304232
198,2021-09-16 15:50:12.360832,-98.69905534311384,-58.90260292490626,26.056599426269532,0.33231887387822956,0.0,0.0,-0.9431670933956005
199,2021-09-16 15:50:13.830817,-100.0729530142685,-55.66850697895322,24.777899551391602,0.4015865356995142,0.0,0.0,-0.9158210820596252
200,2021-09-16 15:50:20.360913,-103.37267515719512,-55.23955793232751,26.301899719238282,0.4942507872399188,0.0,0.0,-0.8693193655456668
201,2021-09-16 15:50:26.809684,-100.47784463880595,-56.03134693515308,25.94200019836426,0.44515847581176066,0.0,0.0,-0.8954518029536543
202,2021-09-16 15:50:28.279928,-95.70968503034857,-60.0964687724167,22.814699935913087,0.3652580648363511,0.0,0.0,-0.9309063035945153
203,2021-09-16 15:50:29.748052,-104.25002190203817,-54.13059882762754,26.535700607299805,0.4638472440380347,0.0,0.0,-0.8859151958276367
204,2021-09-16 15:50:36.189082,-96.42131684964383,-60.77625512970958,25.21320037841797,0.38710579915579474,0.0,0.0,-0.9220353031527336
205,2021-09-16 15:50:47.834826,-91.23915183156122,-67.53885361821523,24.02439956665039,0.3280613859236796,0.0,0.0,-0.9446564068833888
206,2021-09-16 15:50:49.303269,-95.73421007000768,-64.92522175041884,27.68100051879883,0.34504863082748716,0.0,0.0,-0.93858480829602
207,2021-09-16 15:50:55.732997,-94.05943598685872,-64.45393659571342,26.323300170898438,0.4109225371898592,0.0,0.0,-0.9116702629950418
208,2021-09-16 15:51:02.192212,-95.12575874774791,-64.55469965918714,27.181599426269532,0.42259786438362107,0.0,0.0,-0.9063172982010234
209,2021-09-16 15:51:03.662065,-90.54832231664281,-67.3916836668769,25.265700149536134,0.36080139428994723,0.0,0.0,-0.9326426721303449
210,2021-09-16 15:51:05.127455,-94.46016013550026,-64.00600361316131,26.700800704956055,0.40401420595587884,0.0,0.0,-0.9147527105102453
211,2021-09-16 15:51:06.595488,-91.38690904684194,-68.67924822211691,26.611100006103516,0.36308392226068287,0.0,0.0,-0.9317564410272667
212,2021-09-16 15:51:13.029050,-91.39321809574896,-70.56667659918867,26.62990074157715,0.36073189643027453,0.0,0.0,-0.932669555039628
213,2021-09-16 15:51:19.487595,-89.39902305093625,-71.72184458351752,26.187100219726563,0.4403443911304843,0.0,0.0,-0.8978289465148265
214,2021-09-16 15:51:20.963395,-91.22217936501863,-75.57596657802793,27.994400787353516,0.34569439506170374,0.0,0.0,-0.9383471560264478
215,2021-09-16 15:51:27.483236,-89.66354845817918,-66.02263727036289,25.003699111938477,0.5255179628364605,0.0,0.0,-0.850782504954243
216,2021-09-16 15:51:33.947352,-87.32274568674963,-71.81535797339637,26.42339973449707,0.4308826368266074,0.0,0.0,-0.9024079749655086
217,2021-09-16 15:51:40.422663,-88.00042500683426,-71.06869112603172,26.220099258422852,0.4508718766506135,0.0,0.0,-0.8925886795414526
218,2021-09-16 15:51:41.829824,-86.66869706989138,-70.97115397171376,26.306599426269532,0.4554704681217325,0.0,0.0,-0.8902508931020344
219,2021-09-16 15:51:58.600410,-82.15708958495298,-85.36093974862222,25.84490089416504,0.3300009254252122,0.0,0.0,-0.9439806084970727
220,2021-09-16 15:52:00.176812,-84.99557931970442,-75.53733246846949,26.76820068359375,0.36805929100217166,0.0,0.0,-0.9298023221669103
221,2021-09-16 15:52:01.656860,-84.76004975529268,-79.63223714086098,27.845900344848634,0.4271447616395222,0.0,0.0,-0.9041832516718697
222,2021-09-16 15:52:03.137078,-84.5729818830333,-82.96088213519897,27.833599853515626,0.3890327968323133,0.0,0.0,-0.9212239049160785
223,2021-09-16 15:52:09.620587,-80.36751715967313,-83.06457405208715,25.628899383544923,0.3443827224748855,0.0,0.0,-0.9388293457603389
224,2021-09-16 15:52:11.088353,-81.18245276142554,-82.50055233764331,26.584500122070313,0.3988764116852956,0.0,0.0,-0.9170046936635944
225,2021-09-16 15:52:12.567627,-79.42546213788678,-84.95744326764525,25.234499740600587,0.37433899168357976,0.0,0.0,-0.9272919277688774
226,2021-09-16 15:52:19.102553,-81.47043493732016,-87.06971415548838,26.72180061340332,0.35474560798471205,0.0,0.0,-0.9349628621584694
227,2021-09-16 15:52:20.581386,-80.20387553241042,-83.28606077327123,25.270300674438477,0.35060062194704694,0.0,0.0,-0.9365250684793994
228,2021-09-16 15:52:22.061681,-81.69136300063747,-91.24563121796854,27.804499435424805,0.27989801286695504,0.0,0.0,-0.9600297403690835
229,2021-09-16 15:52:28.492399,-80.14703784818678,-86.62266256401038,26.099299240112305,0.3041149328320308,0.0,0.0,-0.9526353487187894
230,2021-09-16 15:52:34.983700,-83.49258075634974,-89.43933498699118,27.862400817871094,0.36069336741000646,0.0,0.0,-0.9326844561299551
231,2021-09-16 15:52:36.467348,-82.65244039896771,-84.93436066427913,26.520100402832032,0.32960828790700797,0.0,0.0,-0.9441177768387856
232,2021-09-16 15:52:43.008588,-85.98135182029495,-91.18702705747171,27.314999389648438,0.2847879229948048,0.0,0.0,-0.9585905481050317
233,2021-09-16 15:52:50.627721,-84.93884744300166,-89.37478810038215,26.561299133300782,0.32570507840792073,0.0,0.0,-0.9454714178119242
234,2021-09-16 15:52:57.155821,-86.52537129573274,-90.08791897738787,27.671400833129884,0.30220286268940516,0.0,0.0,-0.953243636109011
235,2021-09-16 15:52:58.637107,-85.92393072033947,-86.98099952525652,26.475100326538087,0.33645626802216777,0.0,0.0,-0.9416990919123769
236,2021-09-16 15:53:00.103736,-86.9572131160862,-84.93968528252844,27.342699813842774,0.3181212547885573,0.0,0.0,-0.9480500341499671
237,2021-09-16 15:53:06.541522,-87.34370460907849,-88.50246972077342,27.183399963378907,0.300168777093734,0.0,0.0,-0.9538861070683713
238,2021-09-16 15:53:08.015340,-89.09006273918958,-87.68757642689141,28.39000015258789,0.3352206300072457,0.0,0.0,-0.9421396548376176
239,2021-09-16 15:53:09.485193,-92.62843811541883,-87.32324102597386,30.13169937133789,0.2906997717186331,0.0,0.0,-0.956814319877548
240,2021-09-16 15:53:16.008124,-90.26480482880856,-84.89129151206708,28.619799423217774,0.39352197097186103,0.0,0.0,-0.9193152116452886
241,2021-09-16 15:53:18.747823,-89.26276026923595,-84.6883320529141,27.669400024414063,0.3414891838610751,0.0,0.0,-0.9398857043842601
242,2021-09-16 15:53:25.262912,-93.03197167872804,-81.18500996974235,28.868899154663087,0.49331143937281763,0.0,0.0,-0.8698527598300294
243,2021-09-16 15:53:26.701802,-94.04497296774761,-73.12492364824256,27.76389961242676,0.5531666755352552,0.0,0.0,-0.8330706026965984
244,2021-09-16 15:53:28.178220,-92.47022255740556,-78.74966172729805,27.967999267578126,0.49006861235742827,0.0,0.0,-0.8716838619488517
245,2021-09-16 15:53:29.607808,-93.02002138670136,-80.05264423099612,28.888600158691407,0.4061619235172374,0.0,0.0,-0.9138011227202436
246,2021-09-16 15:53:36.041333,-95.52709051727757,-72.2901601091838,27.73989944458008,0.5157642978937512,0.0,0.0,-0.8567305229873428
247,2021-09-16 15:53:37.505710,-94.73043281622694,-76.4998983491005,28.086699295043946,0.47528104649728825,0.0,0.0,-0.879834033690697
248,2021-09-16 15:53:38.968777,-93.63740925415385,-72.53523777099366,26.63300018310547,0.48336883581572015,0.0,0.0,-0.8754167970527841
249,2021-09-16 15:53:40.424692,-94.49791538601457,-77.75676936450427,28.36850051879883,0.4728677627874076,0.0,0.0,-0.8811334058565887
250,2021-09-16 15:53:41.888737,-95.88011609406385,-76.09291619572654,28.743300247192384,0.4366353357759383,0.0,0.0,-0.8996385849616687
251,2021-09-16 15:53:53.521453,-96.28577115386055,-77.4486243201154,27.808399963378907,0.42559828246988424,0.0,0.0,-0.9049122067685266
252,2021-09-16 15:53:55.136672,-96.89448102051199,-79.78711184235488,28.154799270629884,0.3265499279782254,0.0,0.0,-0.9451799535207123
253,2021-09-16 15:53:56.595100,-99.99998248087836,-74.72450699779732,29.701300430297852,0.3843150018246867,0.0,0.0,-0.9232020252211816
254,2021-09-16 15:53:58.071163,-97.77965656518255,-75.53469076948949,28.561899948120118,0.3478879728891686,0.0,0.0,-0.9375361104080552
255,2021-09-16 15:53:59.531330,-96.00882381947842,-72.2613028087523,25.30469970703125,0.36109208079916966,0.0,0.0,-0.932530165294467
256,2021-09-16 15:54:00.992583,-98.4824135946449,-73.59109307328535,28.004599380493165,0.31011959608366074,0.0,0.0,-0.9506975523924036
257,2021-09-16 15:54:02.452480,-101.19081206060915,-70.03817719845007,28.543099212646485,0.35293987924966824,0.0,0.0,-0.9356460023081538
258,2021-09-16 15:54:03.913359,-97.07872807609196,-75.93860019302913,27.436199951171876,0.25347936841147967,0.0,0.0,-0.9673407929937191
259,2021-09-16 15:54:05.375813,-99.61245120189291,-72.21924587901317,28.279799270629884,0.2920081869745121,0.0,0.0,-0.9564158189510765
260,2021-09-16 15:54:17.081648,-104.60795406411185,-67.42702670850665,28.489199447631837,0.44437354031138565,0.0,0.0,-0.8958415912822564
261,2021-09-16 15:54:18.550582,-98.37842037483455,-71.4111571536167,25.82239990234375,0.32095327384958294,0.0,0.0,-0.947095030081583
262,2021-09-16 15:54:19.952472,-102.09036987821413,-69.5545255417175,28.127299118041993,0.324740972612202,0.0,0.0,-0.9458029925448963
263,2021-09-16 15:54:21.411005,-102.3798341476253,-66.48609436560066,26.477799224853516,0.3471353979660595,0.0,0.0,-0.9378150219947138
264,2021-09-16 15:54:27.882831,-105.26239884727626,-68.40795557526643,28.269900131225587,0.40949931796532896,0.0,0.0,-0.912310423368017
265,2021-09-16 15:54:29.350743,-106.62958982184574,-66.41715015241009,28.452599334716798,0.33824704138977996,0.0,0.0,-0.9410573515950346
266,2021-09-16 15:54:30.817687,-105.6548991903393,-62.28287614414858,26.936699676513673,0.4162283255417881,0.0,0.0,-0.9092601283552905
267,2021-09-16 15:54:42.473932,-107.53266117907265,-64.65397405555746,28.169300842285157,0.3541409202816866,0.0,0.0,-0.9351920704229908
268,2021-09-16 15:54:43.924487,-110.9825146078154,-60.31752898868599,28.15849952697754,0.4699734169348356,0.0,0.0,-0.8826805692744093
269,2021-09-16 15:54:45.455618,-105.75355808608786,-65.15696719620814,27.90499954223633,0.34794813955008347,0.0,0.0,-0.93751378239663
270,2021-09-16 15:54:46.909946,-112.67642274272538,-59.38215880285157,28.87119941711426,0.46952933372806205,0.0,0.0,-0.8829168730797267
271,2021-09-16 15:54:48.366885,-105.71123617198027,-62.89509194759083,26.900799560546876,0.41403601883603,0.0,0.0,-0.9102604984873345
272,2021-09-16 15:55:00.113801,-109.97119854726661,-59.95365897702461,26.968500900268555,0.26847958167514074,0.0,0.0,-0.9632853752775142
273,2021-09-16 15:55:01.572406,-115.7147175190742,-57.65052981918612,28.272700119018555,0.3912002556493644,0.0,0.0,-0.920305579674421
274,2021-09-16 15:55:03.123270,-108.42502411867069,-62.142909279994356,27.485300827026368,0.30405163893765347,0.0,0.0,-0.952655552054008
275,2021-09-16 15:55:04.588871,-112.17333059390897,-58.453250241806444,26.045500564575196,0.3296455447444673,0.0,0.0,-0.9441047689902448
276,2021-09-16 15:55:06.139989,-110.83344623581905,-58.669027946205674,27.05709915161133,0.39035888767795235,0.0,0.0,-0.920662771491729
277,2021-09-16 15:55:13.193046,-109.96089332389386,-60.382149188361254,27.155899810791016,0.3318102460843901,0.0,0.0,-0.9433461509930575
278,2021-09-16 15:55:19.709908,-110.46114227994323,-53.990531117252594,24.991299438476563,0.4373347596211668,0.0,0.0,-0.8992987868484513
279,2021-09-16 15:55:21.170113,-110.37384680745878,-55.36745333376332,26.927199172973634,0.43156813430752017,0.0,0.0,-0.9020803431237853
280,2021-09-16 15:55:27.668884,-115.71494989544422,-52.4732318578622,28.088299560546876,0.531062144818631,0.0,0.0,-0.8473328733978374
281,2021-09-16 15:55:29.121135,-112.12439639101653,-50.2230286445242,25.40190010070801,0.5379619012084734,0.0,0.0,-0.8429691529635973
282,2021-09-16 15:55:30.582021,-109.40611189536374,-54.553243896333704,26.64720039367676,0.4743053805230615,0.0,0.0,-0.8803603841648452
283,2021-09-16 15:55:47.288054,-112.03593453737258,-50.67672989808143,27.14239959716797,0.6181434537192618,0.0,0.0,-0.7860653093884902
284,2021-09-16 15:56:04.058349,-107.09623221033804,-54.56329309763275,26.89250068664551,0.5628047189249212,0.0,0.0,-0.8265898912736838
285,2021-09-16 15:56:15.661881,-98.15861905958128,-60.351145765887395,25.044300842285157,0.46339449310633984,0.0,0.0,-0.8861520996751734
286,2021-09-16 15:56:17.089969,-104.4160249631808,-58.33977877621328,27.88139991760254,0.5102416887037969,0.0,0.0,-0.8600310570605562
287,2021-09-16 15:56:18.503058,-100.4588149114868,-62.88853495599675,27.26229934692383,0.4602680478171977,0.0,0.0,-0.887779997611202
288,2021-09-16 15:56:19.976938,-104.88937208833597,-61.758560358193364,29.577999877929688,0.4714112125531517,0.0,0.0,-0.8819135267582459
289,2021-09-16 15:56:21.439344,-98.24933282744938,-65.31292281711924,26.843100357055665,0.3967270610247662,0.0,0.0,-0.9179366203887126
290,2021-09-16 15:56:33.069626,-98.92537310549342,-68.94709590705244,28.526499557495118,0.3905665278650173,0.0,0.0,-0.9205747049052916
291,2021-09-16 15:56:34.542933,-104.99082423299262,-61.17613653309175,29.126200485229493,0.5164617909760475,0.0,0.0,-0.8563102349393084
292,2021-09-16 15:56:36.008488,-99.81456511961727,-66.59271298284202,28.009299087524415,0.48020897261248263,0.0,0.0,-0.8771541156618168
293,2021-09-16 15:56:37.470518,-97.82728586250863,-65.8602637767991,27.307299423217774,0.413236125065965,0.0,0.0,-0.9106239097127123
294,2021-09-16 15:56:38.940223,-97.78197866452506,-62.77810371531568,25.989699172973634,0.5014910919351074,0.0,0.0,-0.865162808209954
295,2021-09-16 15:56:40.416017,-97.8727597668214,-62.25267744830038,26.624199676513673,0.5188099228569554,0.0,0.0,-0.8548896209132264
296,2021-09-16 15:56:47.941070,-99.91008225801659,-65.0036599244443,28.7596004486084,0.5037786191944913,0.0,0.0,-0.8638327979664188
297,2021-09-16 15:56:59.571052,-94.26699709999075,-67.6099878814181,26.37950019836426,0.47105446536155376,0.0,0.0,-0.8821041268823884
298,2021-09-16 15:57:06.025017,-93.42486662771077,-75.62661327421287,28.207800674438477,0.3862614609277269,0.0,0.0,-0.9223893341761807
299,2021-09-16 15:57:22.845399,-92.60695801470288,-71.71745491117326,28.520199584960938,0.5175482312093926,0.0,0.0,-0.8556540354442496
300,2021-09-16 15:57:24.316210,-90.34024790143718,-80.0825664433085,29.036600875854493,0.4279927407558657,0.0,0.0,-0.9037821716875601
301,2021-09-16 15:57:25.791777,-92.14377827302128,-75.56966368660417,30.030199813842774,0.4344184944898401,0.0,0.0,-0.9007111477300482
302,2021-09-16 15:57:27.260551,-87.27013503742916,-74.32527576230092,26.657799530029298,0.46021579401789664,0.0,0.0,-0.8878070865545493
303,2021-09-16 15:57:28.726946,-89.45068116373338,-72.88701874171485,27.97569923400879,0.5166534863145489,0.0,0.0,-0.8561945894941303
304,2021-09-16 15:57:30.189984,-91.45566465150021,-68.99474651211551,28.8447998046875,0.5750202695450072,0.0,0.0,-0.8181391627421262
305,2021-09-16 15:57:41.845886,-85.31713144368591,-87.08327145991184,27.557299423217774,0.2980460423350126,0.0,0.0,-0.9545514950218432
306,2021-09-16 15:57:54.546882,-85.14455155369696,-87.51825413651454,28.98720054626465,0.3241828412579329,0.0,0.0,-0.9459944426020345
307,2021-09-16 15:57:56.023297,-85.29443743651115,-84.4447926994891,28.652899551391602,0.3105533959298359,0.0,0.0,-0.9505559364269136
308,2021-09-16 15:58:07.682594,-87.34567271996163,-84.25830854327847,29.228800582885743,0.2676383485361036,0.0,0.0,-0.9635194416268242
309,2021-09-16 15:58:09.156874,-86.5378627786825,-83.8409259074381,27.601300048828126,0.3479179930728726,0.0,0.0,-0.9375249703853997
310,2021-09-16 15:58:11.992425,-82.70490135340167,-83.50390700053671,26.45999984741211,0.39167241336317254,0.0,0.0,-0.9201047335006315
311,2021-09-16 15:58:13.465492,-85.33410134315243,-87.83769559725229,28.008999633789063,0.34370579110903143,0.0,0.0,-0.9390773818797442
312,2021-09-16 15:58:14.934405,-85.49858341502515,-91.83084979975565,28.011299896240235,0.28812316819794637,0.0,0.0,-0.957593358345586
313,2021-09-16 15:58:16.404813,-85.20025557195635,-89.41379942324134,27.339100646972657,0.28330773248286506,0.0,0.0,-0.9590290551987554
314,2021-09-16 15:58:17.875206,-86.7850116230125,-89.066425499276,29.024800109863282,0.3536131224001729,0.0,0.0,-0.9353917680129542
315,2021-09-16 15:58:19.348148,-86.69266409766657,-87.038119089792,28.728199768066407,0.3934286996766458,0.0,0.0,-0.9193551317476526
316,2021-09-16 15:58:20.818004,-86.30738757995333,-87.38267824772129,28.761700439453126,0.4058135829514806,0.0,0.0,-0.9139558719610492
317,2021-09-16 15:58:27.287117,-88.86382499344755,-89.92789793946417,28.46640090942383,0.3250200876036984,0.0,0.0,-0.945707112511101
318,2021-09-16 15:58:33.804521,-90.08739430457666,-88.34562144722732,29.510899353027344,0.40643168494421433,0.0,0.0,-0.913681172769477
319,2021-09-16 15:58:40.235867,-90.84542152240812,-88.04612208460661,29.58030014038086,0.5028342504545312,0.0,0.0,-0.8643828530054433
320,2021-09-16 15:58:41.705305,-90.6620372397983,-92.86017689136708,29.308499145507813,0.37427513967410403,0.0,0.0,-0.9273177016653623
321,2021-09-16 15:58:43.171255,-91.99326883695531,-90.97983747161912,29.53040008544922,0.3788686376463215,0.0,0.0,-0.9254504608070712
322,2021-09-16 15:58:44.640683,-90.24995461153499,-83.5391304491963,29.805399703979493,0.5353525532329309,0.0,0.0,-0.8446287017068399
323,2021-09-16 15:58:46.104405,-89.68069034143419,-84.15127788223685,28.444800186157227,0.4821277512028318,0.0,0.0,-0.8761009254190412
324,2021-09-16 15:59:08.071472,-95.29477726006414,-84.69380042303592,28.783699798583985,0.3449045934036406,0.0,0.0,-0.9386377477222346
325,2021-09-16 15:59:09.532530,-96.69076902210752,-83.17938331307391,29.702000427246094,0.34187036221285616,0.0,0.0,-0.939747123134969
326,2021-09-16 15:59:10.931700,-93.74866310037285,-82.9407797967902,27.352200317382813,0.2931325265791989,0.0,0.0,-0.9560718183595285
327,2021-09-16 15:59:12.356485,-94.90224195036878,-80.54942662485107,29.016499328613282,0.36695685573714637,0.0,0.0,-0.9302379620438563
328,2021-09-16 15:59:23.978771,-96.81751783883378,-79.66525217650901,28.770199584960938,0.31850777751249565,0.0,0.0,-0.9479202475229921
329,2021-09-16 15:59:25.415886,-98.17913954932126,-78.47122099253842,28.80309944152832,0.28652475727916227,0.0,0.0,-0.958072838288466
330,2021-09-16 15:59:47.409187,-103.89927542749433,-75.45207338285007,29.214899826049805,0.3032720889087383,0.0,0.0,-0.9529040036063079
331,2021-09-16 15:59:48.864571,-103.16460453455187,-74.79250820517247,28.77890090942383,0.25929267830373215,0.0,0.0,-0.9657987921808958
332,2021-09-16 15:59:55.423747,-105.27914484427144,-71.74364585627409,28.31759910583496,0.31757105764263494,0.0,0.0,-0.9482344769874897
333,2021-09-16 15:59:56.869282,-102.06736432453683,-73.52191350528346,27.330899047851563,0.2848543213590739,0.0,0.0,-0.9585708192945691
334,2021-09-16 15:59:58.329045,-106.05537325518245,-74.3604273415613,29.068299102783204,0.19916026431919753,0.0,0.0,-0.9799669326647238
335,2021-09-16 16:00:00.829011,-106.36895215182636,-69.2824140257211,28.549000549316407,0.31705935590031875,0.0,0.0,-0.9484056963325742
336,2021-09-16 16:00:02.282692,-104.94045302966558,-73.814585964385,28.51780014038086,0.24202500615423977,0.0,0.0,-0.9702700121079906
337,2021-09-16 16:00:03.847558,-105.01934791121494,-71.7265255833149,28.500300216674805,0.3044783691509979,0.0,0.0,-0.952519250576674
338,2021-09-16 16:00:05.304361,-106.66783969262269,-73.26519437522035,29.83890037536621,0.29632940358523563,0.0,0.0,-0.9550857995859945
339,2021-09-16 16:00:06.861058,-105.29757151527703,-69.07728405000744,27.360699462890626,0.3055900457821481,0.0,0.0,-0.9521631813501636
340,2021-09-16 16:00:09.576531,-106.04687840030492,-73.44380943443366,28.86730079650879,0.27746478507319555,0.0,0.0,-0.9607358081409714
341,2021-09-16 16:00:11.031317,-107.65141115090508,-69.65614650398531,27.931200790405274,0.21808983097789356,0.0,0.0,-0.9759286990472377
342,2021-09-16 16:00:12.409136,-107.17190246576007,-67.38915612100726,27.435099411010743,0.36893033404945497,0.0,0.0,-0.9294570504429764
343,2021-09-16 16:00:13.862320,-111.1510853160571,-64.48400213134244,28.554899978637696,0.4234813820428015,0.0,0.0,-0.9059048068440297
344,2021-09-16 16:00:15.317926,-107.35040217759536,-68.58204904223557,28.417599487304688,0.3776637655505665,0.0,0.0,-0.925942806111785
345,2021-09-16 16:00:16.882911,-108.14246683006627,-68.00278933248354,28.45559959411621,0.40385069357104275,0.0,0.0,-0.9148249107354848
346,2021-09-16 16:00:18.341782,-108.70567236614895,-67.12793587898528,28.363899993896485,0.40939289828235975,0.0,0.0,-0.9123581834104243
347,2021-09-16 16:00:24.786080,-110.47822733452833,-65.97894064148366,28.583300399780274,0.4172323826180451,0.0,0.0,-0.9087998343391515
348,2021-09-16 16:00:26.236202,-107.82663134282043,-65.90578962349046,27.056399154663087,0.4219402740235782,0.0,0.0,-0.90662362927342
349,2021-09-16 16:00:27.676269,-110.87659470910951,-65.57702108384365,28.139500427246094,0.38418305525801044,0.0,0.0,-0.923256941513369
350,2021-09-16 16:00:29.116421,-111.48124457007684,-61.20527200226423,26.85270004272461,0.5124624333520577,0.0,0.0,-0.85870964499235
351,2021-09-16 16:00:30.526138,-106.90991219056349,-65.69184025302718,26.59960060119629,0.3817765326088964,0.0,0.0,-0.9242546614159586
352,2021-09-16 16:00:36.942456,-113.48029343424659,-61.99011595454522,27.411099243164063,0.3910950153107265,0.0,0.0,-0.9203503077628119
353,2021-09-16 16:00:38.393202,-113.05723789264715,-61.81021329532926,28.10229949951172,0.436847613577558,0.0,0.0,-0.8995355259863795
354,2021-09-16 16:00:44.892053,-111.29897649256851,-62.91652356731415,26.937500762939454,0.35790904742797525,0.0,0.0,-0.933756453133899
355,2021-09-16 16:00:46.343996,-110.78221916133647,-61.81226751633601,27.221699523925782,0.3588242998745265,0.0,0.0,-0.9334051220234202
356,2021-09-16 16:00:47.768673,-114.8556268886452,-59.604849734470655,27.489300537109376,0.39520487644694335,0.0,0.0,-0.9185930032569137
357,2021-09-16 16:00:49.227223,-112.09565212239488,-59.3747550039181,25.623999404907227,0.309641925646234,0.0,0.0,-0.950853236773211
358,2021-09-16 16:00:50.677687,-115.06489976805074,-59.51521931433078,27.47959976196289,0.4032420250525541,0.0,0.0,-0.9150933664012189
359,2021-09-16 16:00:52.132038,-110.76170133007327,-64.33637332719614,28.008099365234376,0.33528414660103356,0.0,0.0,-0.9421170527264734
360,2021-09-16 16:00:53.586189,-116.68601844864986,-61.115155554764414,28.60739974975586,0.4301193814536851,0.0,0.0,-0.9027720186724328
361,2021-09-16 16:00:55.050922,-115.7121338913765,-57.78891283207108,26.841200637817384,0.47872791100625656,0.0,0.0,-0.8779633176981745
362,2021-09-16 16:00:56.509221,-114.50258163376348,-60.34989246040246,27.842299270629884,0.45721697794468596,0.0,0.0,-0.88935517937387
363,2021-09-16 16:01:08.204552,-108.97742053028266,-59.22917883397693,26.286600875854493,0.36717558160595776,0.0,0.0,-0.9301516501476126
364,2021-09-16 16:01:09.631786,-112.40535010283365,-56.980144531014716,26.029400634765626,0.3774824258747173,0.0,0.0,-0.9260167483127606
365,2021-09-16 16:01:11.086539,-112.95826013354726,-57.556346027372925,27.390499877929688,0.4087452101089215,0.0,0.0,-0.9126485376162138
366,2021-09-16 16:01:12.593829,-111.99326310318241,-53.99731878608968,24.581400680541993,0.4826606950149491,0.0,0.0,-0.8758074294544927
367,2021-09-16 16:01:14.049014,-111.48628782159314,-56.00319173070141,26.665800857543946,0.4439728394694226,0.0,0.0,-0.8960402434117891
368,2021-09-16 16:01:36.030806,-108.93744309784337,-53.96275304017308,25.60929946899414,0.5036695076339918,0.0,0.0,-0.8638964214995524
369,2021-09-16 16:01:37.489245,-113.06489490733101,-56.173456144621625,28.927500534057618,0.5749294668627909,0.0,0.0,-0.8182029748985682
370,2021-09-16 16:01:43.931883,-107.03863719349917,-62.04004908562,28.48680000305176,0.4688216171475951,0.0,0.0,-0.8832928683597042
371,2021-09-16 16:02:00.775943,-106.91172654154664,-57.597000550091565,26.54099922180176,0.5667423417526014,0.0,0.0,-0.8238950892345321
372,2021-09-16 16:02:12.501915,-106.45343171529753,-62.107847461037196,28.731699752807618,0.6718076419539533,0.0,0.0,-0.740725652459984
373,2021-09-16 16:02:13.970532,-109.12230059304699,-56.95398855336319,27.678000259399415,0.6933104548865825,0.0,0.0,-0.7206390311001479
374,2021-09-16 16:02:15.383668,-108.16690450141068,-59.760911752812035,29.177599716186524,0.6760621205924449,0.0,0.0,-0.7368446302308558
375,2021-09-16 16:02:21.783634,-104.18550696958121,-66.52476950192185,29.61730079650879,0.6260827871224868,0.0,0.0,-0.7797565925780551
376,2021-09-16 16:02:23.246074,-101.86392388915854,-63.82869727431233,26.86329917907715,0.5543038604389605,0.0,0.0,-0.8323143818909207
377,2021-09-16 16:02:30.886627,-96.58464695092223,-72.6141271837094,27.01339988708496,0.4920852251445385,0.0,0.0,-0.8705470298579215
378,2021-09-16 16:02:32.382639,-99.69872865561464,-68.39832459260916,27.91240005493164,0.5415891370502026,0.0,0.0,-0.8406433290220157
379,2021-09-16 16:02:44.058985,-101.3776301831276,-66.771225073372,29.362799453735352,0.6020136260319687,0.0,0.0,-0.7984858133190851
380,2021-09-16 16:02:50.575402,-99.4587089772984,-68.75484894962091,28.920399475097657,0.607817354742603,0.0,0.0,-0.7940768623210883
381,2021-09-16 16:03:02.122269,-93.7480245536562,-73.23405388501212,27.918999481201173,0.5830325638890815,0.0,0.0,-0.8124487857366297
382,2021-09-16 16:03:03.586436,-95.06044129168887,-74.50345355280214,29.088400650024415,0.5785394978378984,0.0,0.0,-0.8156543688606543
383,2021-09-16 16:03:15.228178,-92.92891576684437,-77.51246122225777,28.667300033569337,0.5264492418413125,0.0,0.0,-0.8502065606455336
384,2021-09-16 16:03:16.615723,-89.99088425121317,-78.17233677151886,26.881300735473634,0.4776333910921693,0.0,0.0,-0.8785592431440209
385,2021-09-16 16:03:18.312250,-91.05122241598212,-83.78095672779386,28.97300033569336,0.5170760727689055,0.0,0.0,-0.8559394458546034
386,2021-09-16 16:03:19.784906,-90.12335735679918,-79.05323439659831,28.782099533081055,0.5519801551514028,0.0,0.0,-0.8338572469667895
387,2021-09-16 16:03:31.375942,-90.31304532649234,-72.8939897126381,28.804499435424805,0.6992400969964653,0.0,0.0,-0.7148869048684371
388,2021-09-16 16:03:37.807426,-88.32997684329648,-81.76092213419115,28.46189956665039,0.5562756414358457,0.0,0.0,-0.8309978403973974
389,2021-09-16 16:03:39.277680,-88.07703462926422,-77.17146568398258,28.515599060058594,0.636347293120298,0.0,0.0,-0.7714026980368098
390,2021-09-16 16:03:45.788316,-88.32889238809332,-76.9652561063477,28.3177001953125,0.6865411280407142,0.0,0.0,-0.7270909705866135
391,2021-09-16 16:03:47.256448,-89.06922108259403,-80.44762105225294,28.933800506591798,0.5837402293415946,0.0,0.0,-0.8119404809764214
392,2021-09-16 16:03:48.727825,-90.4901969464903,-78.31510144929209,28.885399627685548,0.6089311697828197,0.0,0.0,-0.7932230647597981
393,2021-09-16 16:03:50.196594,-87.24323735631282,-84.87123097495336,28.152100372314454,0.574528149751452,0.0,0.0,-0.8184848227934182
394,2021-09-16 16:03:51.674581,-88.16401885204448,-78.82233069797937,27.87699966430664,0.5745012108093154,0.0,0.0,-0.8185037316827765
395,2021-09-16 16:03:54.426512,-87.86379749252562,-79.29829986879635,28.238600540161134,0.6196256494663664,0.0,0.0,-0.7848974802631128
396,2021-09-16 16:03:55.901992,-88.71680773361788,-82.96057326440359,29.6617000579834,0.5550880091907713,0.0,0.0,-0.8317916217735222
397,2021-09-16 16:03:57.371208,-87.63914432851554,-89.49227816255224,28.175600814819337,0.47690628710469,0.0,0.0,-0.8789541474502631
398,2021-09-16 16:03:58.841546,-90.52793028036257,-89.12865022321559,30.443199920654298,0.48987069554872487,0.0,0.0,-0.8717951030159601
399,2021-09-16 16:04:05.254069,-97.10529347505187,-80.02453955566833,31.71360092163086,0.6330512319205185,0.0,0.0,-0.7741099003138469
400,2021-09-16 16:04:06.723624,-92.89257785371684,-82.31005980397282,30.407900619506837,0.6295175566406278,0.0,0.0,-0.7769862584893081
401,2021-09-16 16:04:08.197450,-89.16170768511125,-84.17013615466082,28.47270088195801,0.5675385174120874,0.0,0.0,-0.8233468474790498
402,2021-09-16 16:04:09.658785,-89.41808455941816,-87.75044086378828,28.148899841308594,0.4830308697297687,0.0,0.0,-0.8756033227941196
403,2021-09-16 16:04:11.130210,-91.31328449308846,-90.15740337989666,28.953600692749024,0.5082454396605385,0.0,0.0,-0.8612122694575746
404,2021-09-16 16:04:22.806981,-93.38830687737652,-91.03938163567489,28.468100357055665,0.43612551040757797,0.0,0.0,-0.8998858478561209
405,2021-09-16 16:04:24.267913,-94.38002436369133,-84.2070023537445,29.468800354003907,0.5430856627536814,0.0,0.0,-0.8396772968893434
406,2021-09-16 16:04:25.733545,-93.92787669717364,-83.438960859112,28.835400390625,0.5619071301519042,0.0,0.0,-0.8272003246399575
407,2021-09-16 16:04:32.173808,-90.06186024909269,-88.94237357661875,26.024899291992188,0.4213572924663163,0.0,0.0,-0.9068947194054309
408,2021-09-16 16:04:33.633535,-94.24495927512201,-83.77646327928427,28.215700912475587,0.5238058623050885,0.0,0.0,-0.8518376715165998
409,2021-09-16 16:04:35.105280,-96.26296965511864,-89.8841178304346,29.556099700927735,0.4959540664180049,0.0,0.0,-0.8683487571266773
410,2021-09-16 16:04:47.856448,-98.74825434044955,-84.83463754605927,28.87950019836426,0.4449572800849499,0.0,0.0,-0.8955517957658303
411,2021-09-16 16:04:49.314295,-97.4137196872146,-85.98227529680938,28.400000381469727,0.3571421371766308,0.0,0.0,-0.9340500489015076
412,2021-09-16 16:04:50.769264,-99.73571535524455,-88.17011488721627,29.009999084472657,0.33603910997289355,0.0,0.0,-0.9418480326298004
413,2021-09-16 16:04:52.232878,-100.07959979834823,-85.74893806891501,29.533999252319337,0.4050831501727648,0.0,0.0,-0.9142798485398819
414,2021-09-16 16:04:58.668030,-99.47459506200542,-81.16492198526288,28.952700424194337,0.41335102210714414,0.0,0.0,-0.9105717613252562
415,2021-09-16 16:05:00.120373,-100.12322331173544,-80.03270543081346,28.36730079650879,0.42853184498938474,0.0,0.0,-0.9035266779846591
416,2021-09-16 16:05:01.574157,-98.55874969737025,-85.06485121225023,28.4023006439209,0.3592689801470758,0.0,0.0,-0.9332340541922375
417,2021-09-16 16:05:03.004133,-99.16017996698463,-82.78064701145372,28.856499481201173,0.4072126580616503,0.0,0.0,-0.9133333734810994
418,2021-09-16 16:05:09.439851,-100.74518742787662,-81.20758733982738,28.582499313354493,0.41294818584030896,0.0,0.0,-0.9107545200608107
419,2021-09-16 16:05:10.898394,-104.10258421288799,-79.09685901150914,29.529000091552735,0.4351846791368783,0.0,0.0,-0.9003412103444628
420,2021-09-16 16:05:12.456136,-102.66227312269463,-83.66683549500567,29.441199111938477,0.3537000771442505,0.0,0.0,-0.9353588912434367
421,2021-09-16 16:05:14.014714,-103.50687305071149,-79.34987528838002,28.084799575805665,0.3708698586140023,0.0,0.0,-0.9286848485743858
422,2021-09-16 16:05:15.573192,-101.79626982851212,-84.04815045918585,28.923899459838868,0.3591128478677626,0.0,0.0,-0.9332941457527232
423,2021-09-16 16:05:32.372762,-108.1250244769837,-75.06103181043358,29.419199752807618,0.4789445599986588,0.0,0.0,-0.8778451506089734
424,2021-09-16 16:05:33.832202,-107.13037165999829,-74.05172479318526,28.757000732421876,0.4625457200732141,0.0,0.0,-0.8865954301946023
425,2021-09-16 16:05:45.471637,-108.559208072724,-71.30334688315648,28.51229934692383,0.4530379897664467,0.0,0.0,-0.8914912113018147
426,2021-09-16 16:05:46.921348,-107.19639722559779,-73.2493564589714,28.378800201416016,0.4186220277469596,0.0,0.0,-0.9081605573272954
427,2021-09-16 16:05:53.351168,-109.75507391458632,-70.85294814069941,28.30869941711426,0.4662924040996399,0.0,0.0,-0.884630653933594
428,2021-09-16 16:05:54.804478,-110.28844801314406,-72.65451927685909,29.723500061035157,0.4472773139319534,0.0,0.0,-0.8943953289467789
429,2021-09-16 16:05:56.264979,-112.8414824457468,-65.56416862659717,27.97849922180176,0.5606413353686852,0.0,0.0,-0.8280587497732377
430,2021-09-16 16:05:57.717408,-114.44548629086353,-67.4387423383487,29.195999908447266,0.4849223876758279,0.0,0.0,-0.874557189628428
431,2021-09-16 16:05:59.167476,-109.82144581341417,-71.36051798276678,28.6262996673584,0.38888347395294176,0.0,0.0,-0.9212869496993278
432,2021-09-16 16:06:00.850994,-110.81869856614645,-69.51331922914498,28.485699462890626,0.3941980592682065,0.0,0.0,-0.9190255111090113
433,2021-09-16 16:06:02.306588,-109.54450218934262,-69.1035034356364,28.18839912414551,0.33032346690885295,0.0,0.0,-0.9438677911706257
434,2021-09-16 16:06:03.750840,-111.21900938891136,-70.67397828670066,29.025000381469727,0.2713396542953989,0.0,0.0,-0.9624836580466463
435,2021-09-16 16:06:05.207906,-110.15520565624178,-71.55832102006178,27.832699584960938,0.25539201048348337,0.0,0.0,-0.9668375876956814
436,2021-09-16 16:06:11.602784,-111.90142725035896,-69.21667174229276,28.145500946044923,0.09329260714910821,0.0,0.0,-0.9956387344068742
437,2021-09-16 16:06:13.050501,-114.29327370434117,-65.91973008946789,27.800900268554688,0.0890894120651277,0.0,0.0,-0.9960236325800156
438,2021-09-16 16:06:14.501409,-113.70221320619002,-66.76640744433641,27.58580093383789,0.07697136443036089,0.0,0.0,-0.9970333038859477
439,2021-09-16 16:06:15.956137,-115.08057610170346,-63.7193862948853,27.63340072631836,0.20413716203584803,0.0,0.0,-0.9789422960910157
440,2021-09-16 16:06:17.407400,-118.79823370125655,-65.87039695910184,29.6981990814209,0.326714409075267,0.0,0.0,-0.9451231109768712
441,2021-09-16 16:06:18.856264,-116.72924267512245,-65.91794877768857,29.13009910583496,0.34346795875335884,0.0,0.0,-0.9391643952523973
442,2021-09-16 16:06:20.315025,-119.84435169933974,-61.50457675177907,28.674099731445313,0.498193930301122,0.0,0.0,-0.8670656306249953
443,2021-09-16 16:06:26.827749,-116.27386954388396,-61.672022135980015,27.59680061340332,0.510566699060173,0.0,0.0,-0.859838150939349
444,2021-09-16 16:06:28.277102,-127.91353086368441,-58.712325384475655,28.700699615478516,0.6420460189674654,0.0,0.0,-0.7666661004166214
445,2021-09-16 16:06:45.014174,-118.51050602283885,-61.151461109993754,28.86839942932129,0.4134462376977321,0.0,0.0,-0.9105285325203106
446,2021-09-16 16:06:51.472481,-110.2853187676437,-60.925074252423926,26.529299545288087,0.25738827788257046,0.0,0.0,-0.9663080639261191
447,2021-09-16 16:06:52.922068,-115.117495242242,-59.73185262408044,27.545800018310548,0.26827599443345673,0.0,0.0,-0.9633420943832673
448,2021-09-16 16:06:54.371192,-116.0435652664016,-57.79041919663521,27.132000732421876,0.24745910365263862,0.0,0.0,-0.9688983393625116
449,2021-09-16 16:06:55.831890,-116.02532452710359,-58.338743823994164,27.2867000579834,0.18209096797873967,0.0,0.0,-0.9832816887243276
450,2021-09-16 16:06:57.283189,-114.4681199620482,-59.50360155820033,27.50289993286133,0.15243567923211643,0.0,0.0,-0.9883133934623386
451,2021-09-16 16:07:08.851141,-112.8846286372086,-56.10921789766476,25.957800674438477,0.018260262999483384,0.0,0.0,-0.9998332674977312
452,2021-09-16 16:07:11.563718,-115.0298779698322,-55.89273615423126,26.772400665283204,0.007517288120562617,0.0,0.0,-0.9999717447904778
453,2021-09-16 16:07:13.018613,-115.27178834252926,-56.3892418308959,26.96080093383789,0.05357967895570955,0.0,0.0,-0.9985635773464818
454,2021-09-16 16:07:34.882097,-109.39418135977141,-53.76662646917637,25.74099998474121,0.27314761043792646,0.0,0.0,-0.9619721320870219
455,2021-09-16 16:07:41.493016,-112.16527651665935,-50.31027138642898,26.911799240112305,0.4827067572100296,0.0,0.0,-0.8757820428301654
456,2021-09-16 16:07:42.951609,-113.56967323571754,-50.696560241825836,27.405899810791016,0.5018814975111194,0.0,0.0,-0.86493639214453
457,2021-09-16 16:07:54.688220,-127.61792090400597,-38.29455377305429,26.691700744628907,0.8797738705877408,0.0,0.0,-0.47539240279064726
458,2021-09-16 16:07:56.151985,-133.1587992908515,-37.60999288053343,27.54460029602051,0.915671216991812,0.0,0.0,-0.4019281308551742
459,2021-09-16 16:08:18.058853,-148.3100347679736,-37.46489570233284,27.015700149536134,0.9947883009399634,0.0,0.0,0.10196193560824934
460,2021-09-16 16:08:55.651143,-109.53731305179407,-56.3393070072638,27.422100830078126,0.6747009592411568,0.0,0.0,-0.738091197345601
461,2021-09-16 16:08:57.120390,-105.73314067360957,-61.41425621793639,27.37939910888672,0.5792043487931298,0.0,0.0,-0.8151823859352743
462,2021-09-16 16:09:34.609475,-100.25327559170358,-74.19335838887372,28.024899291992188,0.14403362071226058,0.0,0.0,-0.9895727947475702
463,2021-09-16 16:09:46.253427,-99.56029311101929,-75.34314002494727,27.849400329589844,0.021665491075074747,0.0,0.0,-0.9997652757004896
464,2021-09-16 16:09:47.705055,-98.62813960746132,-77.88771055493757,28.29530029296875,0.015276422625802866,0.0,0.0,0.999883308647443
465,2021-09-16 16:09:59.302919,-97.00658038538103,-81.52864332850999,28.555599975585938,0.01792507676209311,0.0,0.0,-0.9998393329045787
466,2021-09-16 16:10:00.756974,-100.60072681377359,-78.28221079691582,29.459500122070313,0.08543377750190419,0.0,0.0,-0.996343851118556
467,2021-09-16 16:10:02.212408,-96.05352985192171,-80.90552381838197,28.160000610351563,0.03307836015893229,0.0,0.0,-0.9994527613095058
468,2021-09-16 16:10:18.951881,-94.7993146856761,-85.61127011417567,27.978600311279298,0.11813233720504955,0.0,0.0,-0.9929978604742673
469,2021-09-16 16:10:25.377349,-96.2639623935242,-87.23620561808632,28.91960029602051,0.034070956032310674,0.0,0.0,-0.9994194164388864
470,2021-09-16 16:10:26.845524,-98.76959629715672,-88.97954656829774,29.957899856567384,0.01506505082460346,0.0,0.0,0.9998865156824809
471,2021-09-16 16:10:28.402791,-95.05160345246719,-90.05350709183077,27.481900024414063,0.043518393706450456,0.0,0.0,-0.9990526259458059
472,2021-09-16 16:10:29.860399,-95.99718101449557,-87.45712096124409,28.81569938659668,0.13033126833887848,0.0,0.0,-0.9914705040964049
473,2021-09-16 16:10:31.417361,-99.65501517877017,-91.72360501679627,29.93319969177246,0.03488999966095308,0.0,0.0,-0.999391158617915
474,2021-09-16 16:10:32.973551,-94.88339386251614,-91.89586368608576,27.16989974975586,0.052503457275026255,0.0,0.0,-0.9986207423111987
475,2021-09-16 16:10:34.535511,-96.91280603960513,-89.41482817016325,28.04519920349121,0.09519072289042231,0.0,0.0,-0.9954590530381442
476,2021-09-16 16:10:35.997707,-95.69711848767253,-92.02863847326444,27.492699432373048,0.09731805159175604,0.0,0.0,-0.9952533329933562
477,2021-09-16 16:10:37.453868,-94.92747001357505,-90.85171833344641,26.773800659179688,0.0697909106193465,0.0,0.0,-0.9975616416016218
478,2021-09-16 16:10:59.512222,-95.17223050441059,-91.70790884959378,24.40569953918457,0.07401680530689643,0.0,0.0,-0.9972569942257417
479,2021-09-16 16:11:00.970101,-96.19674257247196,-90.30939005605035,24.535700607299805,0.08053489933512704,0.0,0.0,-0.996751789559006
480,2021-09-16 16:11:02.422818,-98.27584140596569,-92.47510293490917,25.377800750732423,0.04565049622314303,0.0,0.0,0.998957472665669
481,2021-09-16 16:11:03.880010,-94.25745112777324,-86.21787719701898,23.354899215698243,0.03588182901982094,0.0,0.0,0.9993560398307464
482,2021-09-16 16:11:10.306550,-96.29919245247257,-81.70940237134509,23.73160057067871,0.020081547135479893,0.0,0.0,-0.9997983454000339
483,2021-09-16 16:11:11.677273,-94.80507877159025,-87.73063696429163,23.17809944152832,0.06784729494187616,0.0,0.0,-0.9976957174254434
484,2021-09-16 16:11:13.126681,-96.79498102135221,-90.0893836475364,23.443299102783204,0.09701505670518962,0.0,0.0,-0.9952829139357757
485,2021-09-16 16:11:14.581757,-96.53464519352245,-88.44806122910305,23.44240074157715,0.12387299977278951,0.0,0.0,-0.9922980801791821
486,2021-09-16 16:11:21.063585,-94.84254805673898,-90.31021916717103,21.169300842285157,0.18348382874049707,0.0,0.0,-0.9830227284202171
487,2021-09-16 16:11:22.461337,-95.74477396572473,-91.1752645233388,21.840199279785157,0.21487771439958575,0.0,0.0,-0.9766409615894728
488,2021-09-16 16:11:55.164943,-100.16649334875835,-95.3064761871143,18.655600357055665,0.07939551286241678,0.0,0.0,-0.9968431935551919
489,2021-09-16 16:12:06.794684,-98.15068407262116,-96.94694582007743,15.780999946594239,0.09970502738111717,0.0,0.0,-0.9950170388063365
490,2021-09-16 16:12:08.239484,-95.8751943925365,-86.18950591243492,15.857299613952637,0.21301646213620043,0.0,0.0,-0.9770486102845531
491,2021-09-16 16:12:09.670060,-96.54157766423366,-92.72941762047624,15.417199897766114,0.14956272847831523,0.0,0.0,-0.9887522390620017
492,2021-09-16 16:12:11.127357,-96.19151752609156,-84.97992382674619,15.57929973602295,0.2269843815852201,0.0,0.0,-0.973898398456623
493,2021-09-16 16:12:22.679022,-99.14341242566366,-94.15406666488414,14.93029956817627,0.17699254550289875,0.0,0.0,-0.9842121919771185
494,2021-09-16 16:12:39.450438,-97.52536828768638,-83.45014189112906,12.013500022888184,0.20231679386311827,0.0,0.0,-0.9793201289266694
495,2021-09-16 16:12:40.906380,-98.59321876740321,-90.87547332692779,12.410199928283692,0.12684169821591965,0.0,0.0,-0.9919229726111305
496,2021-09-16 16:12:42.348061,-97.93845168466069,-82.80854302915654,13.348199653625489,0.20455126336996407,0.0,0.0,-0.9788558528474719
497,2021-09-16 16:12:53.915904,-98.25071559450528,-90.32260951758428,9.423200416564942,0.20865742612342195,0.0,0.0,-0.9779887926369856
498,2021-09-16 16:12:55.357712,-99.59380306591545,-92.15987587604238,10.335300254821778,0.15532866438051807,0.0,0.0,-0.9878628477788627
499,2021-09-16 16:12:56.735502,-98.50032649328966,-89.7252990008994,10.49849967956543,0.19075632656050634,0.0,0.0,-0.9816374197620736
500,2021-09-16 16:13:19.167664,-98.6743100475078,-86.73272162500497,6.432999897003174,0.07499329348601284,0.0,0.0,-0.9971840381454773
501,2021-09-16 16:13:25.570101,-99.14787540266339,-86.59395246416295,6.772099781036377,0.015485131828844739,0.0,0.0,-0.9998800981578958
502,2021-09-16 16:13:31.974969,-99.39414292636361,-86.39699165532362,6.2889001846313475,0.010942170509709113,0.0,0.0,-0.9999401326602191
503,2021-09-16 16:13:33.414672,-99.36018690859378,-84.14927438978731,6.8352001190185545,0.05149779460066422,0.0,0.0,-0.9986731082547822
504,2021-09-16 16:13:34.850244,-100.49632395388765,-84.52242562524289,8.610299873352051,0.04804122370126126,0.0,0.0,-0.9988453538087292
505,2021-09-16 16:13:36.286750,-100.29292373067456,-86.0432927698489,7.3834999084472654,0.019839918104087605,0.0,0.0,-0.9998031694536795
506,2021-09-16 16:13:47.938994,-100.277339686492,-85.9399902087895,4.790000009536743,0.027409010509396398,0.0,0.0,0.9996243024971411
507,2021-09-16 16:14:09.867321,-100.28376543297517,-80.97178583911912,4.036200094223022,0.15021492018189,0.0,0.0,0.98865336582381
508,2021-09-16 16:14:11.299044,-101.12398531015685,-84.23461914631854,2.758099961280823,0.16670676235646725,0.0,0.0,0.9860065189361703
509,2021-09-16 16:14:12.724216,-100.44081623234096,-80.75067691014911,2.318100023269653,0.11793569287723453,0.0,0.0,0.9930212345894556
510,2021-09-16 16:14:14.156539,-100.36790607839825,-80.1602141181594,2.9714000701904295,0.12501004585333386,0.0,0.0,0.9921554759390019
511,2021-09-16 16:14:15.587380,-100.96076212685942,-82.55498374926572,2.6207000494003294,0.11859098890732916,0.0,0.0,0.9929431893869768
512,2021-09-16 16:14:27.172184,-101.36063531910548,-81.02981500311303,2.382499980926514,0.1624579672015785,0.0,0.0,0.9867154650114343
513,2021-09-16 16:14:28.529577,-101.15793644234253,-80.43585483102058,1.532200026512146,0.15763142246746267,0.0,0.0,0.9874980175427616
514,2021-09-16 16:14:45.228201,-102.07699084605184,-81.5330924163113,0.2769999980926514,0.17302185878417362,0.0,0.0,0.9849179845971285
515,2021-09-16 16:14:46.656881,-103.0997976277006,-82.00675645184911,-1.9969000339508058,0.1550487961731255,0.0,0.0,0.9879068128144802
516,2021-09-16 16:14:53.074131,-102.3885558321773,-81.01680893758876,-1.0664000034332275,0.1460210107607107,0.0,0.0,0.9892814889688477
517,2021-09-16 16:14:59.506979,-101.71428580487142,-78.88088499629922,-1.813800048828125,0.11442963115413457,0.0,0.0,0.9934313562163863
518,2021-09-16 16:15:00.933413,-102.04219584176545,-79.48340960134784,-0.8316000223159788,0.13921660941722028,0.0,0.0,0.9902619530520059
519,2021-09-16 16:15:12.654244,-102.90868984378132,-81.67501154812939,-2.964400005340576,0.087244732423498,0.0,0.0,0.9961869084987778
520,2021-09-16 16:15:14.100081,-102.9404281953686,-81.25088022902399,-2.7975000858306887,0.11118479702330668,0.0,0.0,0.9937997488985827
521,2021-09-16 16:16:23.129032,-106.53536464483508,-77.71481038302323,-1.2171000957489013,0.32225940047828183,0.0,0.0,-0.9466514030007975
522,2021-09-16 16:16:49.853807,-103.45240942367992,-66.35870646443404,-3.8237001419067385,0.439777984973101,0.0,0.0,0.8981065214845058
523,2021-09-16 16:17:01.153468,-105.25831948426011,-75.31998051205025,-2.733900022506714,0.13933892984932655,0.0,0.0,0.9902447488517394
524,2021-09-16 16:17:13.000385,-103.90936200349282,-71.80835803977322,-3.5355998992919924,0.1289302053343399,0.0,0.0,0.9916536704678932
525,2021-09-16 16:17:19.274209,-106.13834567583032,-76.9211401298414,-3.061599922180176,0.09035884741992872,0.0,0.0,0.995909272319995
526,2021-09-16 16:18:05.581219,-102.56165724395211,-63.270803046928755,-3.170900058746338,0.5729500708839251,0.0,0.0,0.8195902734135546
527,2021-09-16 16:18:07.845447,-102.35121934492035,-62.708745898435964,-1.6944000244140625,0.5654059116087404,0.0,0.0,0.8248128000448884
528,2021-09-16 16:18:45.231668,-104.6042365528343,-64.90802488978301,-2.452300024032593,0.2498002635516926,0.0,0.0,0.9682973863072775
529,2021-09-16 16:18:56.992188,-104.67689227506933,-65.0436811894308,-1.3017999649047851,0.32587426466274927,0.0,0.0,0.9454131179703995
530,2021-09-16 16:19:03.401702,-104.41960891886973,-63.50688632576332,-2.0585000038146974,0.27624727859601933,0.0,0.0,0.9610865939488976
