,a_setpoints_t,setpoint_0,setpoint_1
0,2021-09-20 09:26:41.355856,0.17092037221031767,0.2829413344323451
1,2021-09-20 09:26:41.455995,0.17497524502151413,0.1984302157402681
2,2021-09-20 09:26:41.556210,0.1720171199784794,0.24747271475435478
3,2021-09-20 09:26:41.656335,0.1684699979262148,0.2189748394981097
4,2021-09-20 09:26:41.756960,0.17782782780475007,0.2972165703751841
5,2021-09-20 09:26:41.856118,0.1980152600900526,0.30842235511659494
6,2021-09-20 09:26:41.956003,0.2100630527790684,0.29352594871391474
7,2021-09-20 09:26:42.056730,0.09018395783583527,0.2247584703880146
8,2021-09-20 09:26:42.156132,0.41199515858500246,0.2680699288177128
9,2021-09-20 09:26:42.256077,0.17032007071777394,0.2910640535211001
10,2021-09-20 09:26:42.355804,0.18931924137997985,0.2799920151354076
11,2021-09-20 09:26:42.456580,0.20644016906525922,0.32206935010590176
12,2021-09-20 09:26:42.556409,0.20121375517544796,0.3239226135127774
13,2021-09-20 09:26:42.656159,0.20161510495427185,0.32548892988902106
14,2021-09-20 09:26:42.755789,0.2152129121972399,0.2886574427788798
15,2021-09-20 09:26:42.856370,0.17196508623093737,0.24162477548708472
16,2021-09-20 09:26:42.956382,0.1928643934605146,0.23978663708652137
17,2021-09-20 09:26:43.056149,0.12888076539076104,0.2615755197767471
18,2021-09-20 09:26:43.156077,0.13523439091347286,0.20513016008177337
19,2021-09-20 09:26:43.255842,0.25919609311833447,0.2764003226988529
20,2021-09-20 09:26:43.356789,0.15082211428793477,0.23590543792012442
21,2021-09-20 09:26:43.455914,0.1687116023014322,0.21687436893872677
22,2021-09-20 09:26:43.556615,0.16855597605938316,0.2945460958744374
23,2021-09-20 09:26:43.656405,0.17140110857406754,0.27030641271164824
24,2021-09-20 09:26:43.756048,0.1720168765619517,0.28304569240038063
25,2021-09-20 09:26:43.856763,0.24547562884103177,0.3064853353475768
26,2021-09-20 09:26:43.956319,0.2566785843681082,0.34105405559400237
27,2021-09-20 09:26:44.056012,0.20721597183321502,0.32811782702042086
28,2021-09-20 09:26:44.156462,0.17958858780354597,0.371564034502347
29,2021-09-20 09:26:44.256713,0.087849966662246,0.38622476102801323
30,2021-09-20 09:26:44.355981,-0.011358236153368098,0.3443379813565526
31,2021-09-20 09:26:44.456684,-0.09759908794919196,0.3020696221159113
32,2021-09-20 09:26:44.556759,-0.14564611159657032,0.3456467328041236
33,2021-09-20 09:26:44.655790,0.15443483230497543,0.22309734849278479
34,2021-09-20 09:26:44.756412,0.21839426689243188,0.19553284901047968
35,2021-09-20 09:26:44.856049,0.19649532455267846,0.175782723516784
36,2021-09-20 09:26:44.956701,0.3224835340789864,0.18428528111252346
37,2021-09-20 09:26:45.056368,0.36317733519657464,0.17140485114302234
38,2021-09-20 09:26:45.156547,0.297876048814304,0.17390159673218936
39,2021-09-20 09:26:45.256812,0.31922510150676003,0.21843289054662765
40,2021-09-20 09:26:45.356447,0.35587457933460426,0.2237439819345761
41,2021-09-20 09:26:45.456001,0.3974723483033869,0.20153143700221265
42,2021-09-20 09:26:45.556680,0.3539802307166788,0.2633505990033488
43,2021-09-20 09:26:45.656492,0.3039145601024914,0.3227703311180324
44,2021-09-20 09:26:45.756289,0.29895174961299664,0.3260723695463825
45,2021-09-20 09:26:45.856196,0.23030659605808323,0.3573879238910559
46,2021-09-20 09:26:45.955984,0.17124847544150074,0.47225808123890745
47,2021-09-20 09:26:46.056077,0.16905816204162855,0.46571777014133164
48,2021-09-20 09:26:46.155823,0.1874992033979436,0.4272026482067294
49,2021-09-20 09:26:46.255996,0.35391521200887716,0.30339421585376114
50,2021-09-20 09:26:46.356648,0.17492146023861938,0.3232235687877465
51,2021-09-20 09:26:46.456328,0.17342340873744447,0.2807909259208496
52,2021-09-20 09:26:46.556250,0.16878738701454518,0.20180910128930193
53,2021-09-20 09:26:46.656083,0.2021891977283458,0.31557088301626957
54,2021-09-20 09:26:46.756161,0.2777625725710572,0.3037431109049458
55,2021-09-20 09:26:46.856080,0.3065109003383371,0.3565890631465152
56,2021-09-20 09:26:46.955959,0.3331621848229753,0.31974400741671105
57,2021-09-20 09:26:47.055995,0.28682435232863623,0.3177827167708825
58,2021-09-20 09:26:47.156608,0.2129511909942478,0.38680133734620714
59,2021-09-20 09:26:47.256510,0.1754873873420624,0.35469909332380245
60,2021-09-20 09:26:47.356148,0.1688994062667634,0.29988069083783553
61,2021-09-20 09:26:47.456673,0.16856875719346007,0.34997774095132
62,2021-09-20 09:26:47.556281,0.29581475987704786,0.33213593777249273
63,2021-09-20 09:26:47.656186,0.17406180864451903,0.2956824304736679
64,2021-09-20 09:26:47.756300,0.168662492406867,0.3316671318208064
65,2021-09-20 09:26:47.856825,0.1693806276827799,0.23329235247620556
66,2021-09-20 09:26:47.956384,0.1765427873273471,0.23061465196481756
67,2021-09-20 09:26:48.056690,0.17881872772682622,0.20956002560412673
68,2021-09-20 09:26:48.156113,0.1891350907492254,0.23172475054567282
69,2021-09-20 09:26:48.256079,0.16857784242201812,0.1927525749430412
70,2021-09-20 09:26:48.356753,0.1697910994888767,0.2809015387838876
71,2021-09-20 09:26:48.456707,0.18719793585572536,0.3043346559771587
72,2021-09-20 09:26:48.556526,0.22136622576572082,0.3287680910354447
73,2021-09-20 09:26:48.656675,0.24312114282831696,0.321595715424821
74,2021-09-20 09:26:48.756233,0.25758733852306875,0.2908235331704928
75,2021-09-20 09:26:48.855877,0.21109895456521965,0.28579097437275497
76,2021-09-20 09:26:48.956640,0.2705463285716122,0.2625819981287657
77,2021-09-20 09:26:49.056232,0.23592181205129495,0.2195252692043938
78,2021-09-20 09:26:49.156106,0.17971186822291071,0.24164483898115835
79,2021-09-20 09:26:49.256762,0.17283387050887164,0.26451651420606503
80,2021-09-20 09:26:49.355849,0.4043686332866984,0.2619166238679452
81,2021-09-20 09:26:49.456714,0.11359036888563953,0.3312271349142179
82,2021-09-20 09:26:49.556809,0.06859788563322218,0.3367076883901866
83,2021-09-20 09:26:49.656579,-0.05513476066980265,0.29083494422089123
84,2021-09-20 09:26:49.756442,0.16868953919857219,0.2602868251543598
85,2021-09-20 09:26:49.856266,0.17546763003449328,0.22167453290781192
86,2021-09-20 09:26:49.955843,0.16841171479693148,0.2320990290401387
87,2021-09-20 09:26:50.056484,0.2696369764166379,0.2485251315477459
88,2021-09-20 09:26:50.155785,0.2757750596335833,0.27904153171934976
89,2021-09-20 09:26:50.256302,0.36810700517133826,0.2557104462647087
90,2021-09-20 09:26:50.356812,0.35931929689389047,0.3314901508447583
91,2021-09-20 09:26:50.456341,0.1727941234530891,0.3543098088789554
92,2021-09-20 09:26:50.555772,0.16895911600076005,0.3430877529235088
93,2021-09-20 09:26:50.656475,0.20777770482086877,0.3256194476271785
94,2021-09-20 09:26:50.756514,0.3227712041519152,0.3957312933210619
95,2021-09-20 09:26:50.856640,0.298497881147054,0.37799558727042654
96,2021-09-20 09:26:50.956371,0.285181654060832,0.4128021480543937
97,2021-09-20 09:26:51.056288,0.23170139177418028,0.4696291892056543
98,2021-09-20 09:26:51.156830,0.18309207026873808,0.3480015147363407
99,2021-09-20 09:26:51.256029,0.1823803854818366,0.3410366074168814
100,2021-09-20 09:26:51.356637,0.1963703404163185,0.2819937495638994
101,2021-09-20 09:26:51.456214,0.20569047890198372,0.2492798926307729
102,2021-09-20 09:26:51.556896,0.17730409809338435,0.2052321247355606
103,2021-09-20 09:26:51.656612,0.20564772809789172,0.22775249214179805
104,2021-09-20 09:26:51.756528,0.16860223227785315,0.2255706330915312
105,2021-09-20 09:26:51.856341,0.18299514136575948,0.24621857572623682
106,2021-09-20 09:26:51.956510,0.19343999511878984,0.24222951938465997
107,2021-09-20 09:26:52.056482,0.0925868540013452,0.24538096728624745
108,2021-09-20 09:26:52.155792,0.14012705326168798,0.24518947436549288
109,2021-09-20 09:26:52.256809,0.08118358714339731,0.3023044734104461
110,2021-09-20 09:26:52.356704,0.06615524307022749,0.24315961325479837
111,2021-09-20 09:26:52.456158,0.1977551362989891,0.26653830464507694
112,2021-09-20 09:26:52.556054,0.19020643961953113,0.24494533090212137
113,2021-09-20 09:26:52.656615,0.16979002813425087,0.2781218457736743
114,2021-09-20 09:26:52.756294,0.19444342087429753,0.28786049688902976
115,2021-09-20 09:26:52.856000,0.3671918988320496,0.33194033708298715
116,2021-09-20 09:26:52.956774,0.04111871584844749,0.32294290936704395
117,2021-09-20 09:26:53.056548,0.36506732377968504,0.32091259887641715
118,2021-09-20 09:26:53.156697,0.16844984159507725,0.3099104838137101
119,2021-09-20 09:26:53.255861,0.17529807907111064,0.2188093211754887
120,2021-09-20 09:26:53.356599,0.199355460577705,0.2019473946536748
121,2021-09-20 09:26:53.456623,0.21331816661660774,0.18266493444377302
122,2021-09-20 09:26:53.556038,0.18026173275619597,0.18323425205656774
123,2021-09-20 09:26:53.656556,0.1700067829671149,0.22226277387007823
124,2021-09-20 09:26:53.756599,0.17114989098414043,0.2579675120553793
125,2021-09-20 09:26:53.856294,0.17817690328393568,0.17577729413164617
126,2021-09-20 09:26:53.956157,0.22875335592897877,0.19335825510196533
127,2021-09-20 09:26:54.056898,0.2605979227055352,0.19739266807698636
128,2021-09-20 09:26:54.156268,0.2234019847894979,0.20005194841270327
129,2021-09-20 09:26:54.256431,0.2010213387751959,0.25329448089802037
130,2021-09-20 09:26:54.356217,0.16858886099954898,0.42415455603802593
131,2021-09-20 09:26:54.455848,0.23613569368397014,0.4335745937995046
132,2021-09-20 09:26:54.556569,-0.22518227976523353,0.468049178609219
133,2021-09-20 09:26:54.656219,-0.1654303484400143,0.44254110545535236
134,2021-09-20 09:26:54.756181,0.1755907711743708,0.42777012603582587
135,2021-09-20 09:26:54.856840,0.170656171315363,0.30119247063282606
136,2021-09-20 09:26:54.956122,0.18113302910553514,0.3412120808645763
137,2021-09-20 09:26:55.056017,0.2019639355399796,0.3570577947624204
138,2021-09-20 09:26:55.156172,0.24118862750757655,0.32851719479649394
139,2021-09-20 09:26:55.256476,0.19570041919882974,0.3303250855132974
140,2021-09-20 09:26:55.356660,0.16846624750950828,0.21775916494693787
141,2021-09-20 09:26:55.456491,0.2144691304414037,0.1968444027165193
142,2021-09-20 09:26:55.556307,0.24553925640050173,0.17029534788522818
143,2021-09-20 09:26:55.656827,0.34215791253271455,0.20177100790448133
144,2021-09-20 09:26:55.756744,0.2784643962703595,0.21676967156864255
145,2021-09-20 09:26:55.856578,0.2073608516939777,0.2278846836366988
146,2021-09-20 09:26:55.956502,0.1842493062077828,0.2641362871656784
147,2021-09-20 09:26:56.056670,0.17004757148404936,0.33741382943276693
148,2021-09-20 09:26:56.156155,0.1891104032408868,0.35622546783192405
149,2021-09-20 09:26:56.256275,-0.25292342050526845,0.3896148580286732
150,2021-09-20 09:26:56.356529,-0.3003073459254819,0.40445053655569857
151,2021-09-20 09:26:56.456801,-0.2653203520723614,0.3913564836448011
152,2021-09-20 09:26:56.556483,0.0021772879007498514,0.2942273841967756
153,2021-09-20 09:26:56.656214,0.26140048880703187,0.3382867189065503
154,2021-09-20 09:26:56.756209,0.17083028945895365,0.2599983662852357
155,2021-09-20 09:26:56.856172,0.17184798484374186,0.3149864572047392
156,2021-09-20 09:26:56.956402,0.19693977322087441,0.33033606922475717
157,2021-09-20 09:26:57.056183,0.17026111563393873,0.33124816662458656
158,2021-09-20 09:26:57.155792,0.18743499977975922,0.3462132170765425
159,2021-09-20 09:26:57.256713,0.28035161140582754,0.289291369874008
160,2021-09-20 09:26:57.356548,0.3243607001003845,0.2327852680973373
161,2021-09-20 09:26:57.456239,0.33637770336585615,0.1961571046320324
162,2021-09-20 09:26:57.556182,0.3768272388080825,0.2788089880023396
163,2021-09-20 09:26:57.656617,0.33310587727373653,0.17337816552399238
164,2021-09-20 09:26:57.756834,0.30338630886577006,0.27542705651174987
165,2021-09-20 09:26:57.855812,0.304427570045154,0.2817704411554524
166,2021-09-20 09:26:57.956472,0.22997820133561978,0.2741360530058134
167,2021-09-20 09:26:58.056585,0.23444405181781613,0.284575687338608
168,2021-09-20 09:26:58.156717,0.16852052996477507,0.3262233469576635
169,2021-09-20 09:26:58.256826,0.175320393977841,0.35378815246130046
170,2021-09-20 09:26:58.356475,-0.050740133301196595,0.35611369115434316
171,2021-09-20 09:26:58.456654,-0.1105816096326737,0.3431110891948016
172,2021-09-20 09:26:58.556385,-0.09630376107319744,0.33278791436879823
173,2021-09-20 09:26:58.656489,-0.2161046558680435,0.3921781119853781
174,2021-09-20 09:26:58.756113,-0.2605634736198946,0.3106208027876758
175,2021-09-20 09:26:58.856645,-0.10069487668669772,0.28170091311018186
176,2021-09-20 09:26:58.956409,0.037387219895741626,0.2576371127690765
177,2021-09-20 09:26:59.056444,0.32074129792466566,0.23651048995525017
178,2021-09-20 09:26:59.156396,0.16856211266507581,0.22721212902479923
179,2021-09-20 09:26:59.256334,0.20834594733572284,0.19673513163363018
180,2021-09-20 09:26:59.356346,0.22964924936829206,0.18520565611652437
181,2021-09-20 09:26:59.456435,0.27818967614209944,0.22434415530587695
182,2021-09-20 09:26:59.556187,0.2221833826113665,0.26294136467783163
183,2021-09-20 09:26:59.656016,0.22240770446981356,0.2441514186957893
184,2021-09-20 09:26:59.756800,0.19208970043884405,0.2951610712071742
185,2021-09-20 09:26:59.856321,0.19528685862869175,0.23447241515722814
186,2021-09-20 09:26:59.955804,0.16917804223010371,0.3091321659451527
187,2021-09-20 09:27:00.056689,0.1787339224850251,0.23049572152987927
188,2021-09-20 09:27:00.156159,0.16900058273350013,0.23952648088277773
189,2021-09-20 09:27:00.256134,0.1760093290681239,0.28534158982165264
190,2021-09-20 09:27:00.355929,0.18640984324550025,0.22992076632638908
191,2021-09-20 09:27:00.456833,0.17386673456879767,0.27524007186152477
192,2021-09-20 09:27:00.555816,0.16853621572133867,0.28797504198614887
193,2021-09-20 09:27:00.656836,0.20994757239276482,0.32451322404422583
194,2021-09-20 09:27:00.756381,0.22664549810927692,0.2689098016060764
195,2021-09-20 09:27:00.855818,0.21034271969395205,0.3335069050989223
196,2021-09-20 09:27:00.956773,0.17874216227248163,0.41384959774933894
197,2021-09-20 09:27:01.056676,0.17263792456783023,0.37078092421422126
198,2021-09-20 09:27:01.156764,0.19669099008738436,0.39283056183743925
199,2021-09-20 09:27:01.256152,0.2773202221081998,0.39234150378786375
200,2021-09-20 09:27:01.356682,0.1791274024420842,0.3031023524955303
201,2021-09-20 09:27:01.456242,0.18610703077631235,0.27127672203622505
202,2021-09-20 09:27:01.556102,0.16917859756866616,0.22008767885962668
203,2021-09-20 09:27:01.655973,0.18266624949066204,0.26205878510240355
204,2021-09-20 09:27:01.756762,0.1895990265248733,0.3202598925729759
205,2021-09-20 09:27:01.856031,0.19204881163940418,0.25675944476168483
206,2021-09-20 09:27:01.956423,0.1824692935664362,0.2708207915333771
207,2021-09-20 09:27:02.055999,0.16972258748134514,0.26343290984983697
208,2021-09-20 09:27:02.156518,0.16908671610068382,0.21715576608485615
209,2021-09-20 09:27:02.256567,0.21546706843241797,0.20020032630742468
210,2021-09-20 09:27:02.356260,0.2843626685436811,0.28813995901723893
211,2021-09-20 09:27:02.455822,0.2060205200250291,0.3718053406585192
212,2021-09-20 09:27:02.556640,0.2566942292920072,0.4064934443016978
213,2021-09-20 09:27:02.656572,0.19457388122429503,0.43067715152870945
214,2021-09-20 09:27:02.756466,0.17409209016494515,0.41690114087780505
215,2021-09-20 09:27:02.856164,0.19016800219860902,0.36049240268824567
216,2021-09-20 09:27:02.956699,0.19223544876841445,0.2837781780582265
217,2021-09-20 09:27:03.056417,0.21373625083504494,0.2224423886806251
218,2021-09-20 09:27:03.155939,0.22690392460020348,0.17865905684277128
219,2021-09-20 09:27:03.256767,0.17421545864887386,0.27265335354728226
220,2021-09-20 09:27:03.356057,0.17210634629133637,0.28815952690236224
221,2021-09-20 09:27:03.456398,0.1732931336047375,0.33754078891458994
222,2021-09-20 09:27:03.555967,0.1740624744158322,0.29184242831850427
223,2021-09-20 09:27:03.656783,0.016576710770474894,0.305202330361986
224,2021-09-20 09:27:03.756746,0.16841170866807922,0.2544170194807071
225,2021-09-20 09:27:03.856454,0.17688850032882755,0.25140356214417325
226,2021-09-20 09:27:03.956070,0.20970092067221513,0.19284816121541098
227,2021-09-20 09:27:04.056552,0.23874229802662583,0.29164877708570713
228,2021-09-20 09:27:04.156078,0.19736809450791754,0.3747183607498175
229,2021-09-20 09:27:04.256318,0.17309380351032333,0.31082388676569755
230,2021-09-20 09:27:04.356065,0.16865540716228852,0.3216774245042392
231,2021-09-20 09:27:04.456887,0.1952446134841422,0.22317789205149885
232,2021-09-20 09:27:04.556068,0.19920242266658555,0.2580058856490179
233,2021-09-20 09:27:04.656895,0.21401662289079532,0.2302497903852366
234,2021-09-20 09:27:04.756711,0.28141433625402074,0.3106204538735521
235,2021-09-20 09:27:04.856643,0.21688155062474723,0.38949678002760646
236,2021-09-20 09:27:04.956698,0.19288171555369127,0.3978027127307401
237,2021-09-20 09:27:05.056772,0.1734142353932017,0.37277572354039185
238,2021-09-20 09:27:05.156350,0.18402868216068435,0.3264348443815757
239,2021-09-20 09:27:05.256689,0.19664294917582478,0.31594826666282017
240,2021-09-20 09:27:05.356355,0.19220298249136405,0.19306219842463795
241,2021-09-20 09:27:05.456003,0.259759189384502,0.24545869132505774
242,2021-09-20 09:27:05.556216,0.2114805417013753,0.21337169240018328
243,2021-09-20 09:27:05.656013,0.19660725824767156,0.1743787720101117
244,2021-09-20 09:27:05.756692,0.17490493404146412,0.2498861942680852
245,2021-09-20 09:27:05.856341,0.16877403073185807,0.22498748533483492
246,2021-09-20 09:27:05.956141,0.17969679597224306,0.24004644667570443
247,2021-09-20 09:27:06.056343,0.17009276053610325,0.30137972064296814
248,2021-09-20 09:27:06.156425,0.2298458735091855,0.24989343251651824
249,2021-09-20 09:27:06.256113,0.17733721394960522,0.2829773725050555
250,2021-09-20 09:27:06.355786,0.26292219233132114,0.28074754307166633
251,2021-09-20 09:27:06.456466,0.2839924091601539,0.31005721792694796
252,2021-09-20 09:27:06.556235,0.2953260603815387,0.2986529740257632
253,2021-09-20 09:27:06.656144,0.23608456064486888,0.30260206609103873
254,2021-09-20 09:27:06.755995,0.24346213672980116,0.2865816248246868
255,2021-09-20 09:27:06.856679,0.17152244895093063,0.29379184143102943
256,2021-09-20 09:27:06.956320,0.1915115444164,0.3776542124270392
257,2021-09-20 09:27:07.056154,0.16877866976895847,0.3488401168118521
258,2021-09-20 09:27:07.156893,0.175018778730099,0.32267001578002824
259,2021-09-20 09:27:07.256790,0.22247524873623076,0.3227177837029042
260,2021-09-20 09:27:07.356648,0.2689792582701783,0.35268684232980746
261,2021-09-20 09:27:07.456545,0.20130630288576293,0.47112110084458086
262,2021-09-20 09:27:07.556391,0.185317085281164,0.4491813970266127
263,2021-09-20 09:27:07.656055,0.20420158916371323,0.3552779228925804
264,2021-09-20 09:27:07.756007,0.17334860581540268,0.3251287375018243
265,2021-09-20 09:27:07.856693,0.24551650750635698,0.22523909330275235
266,2021-09-20 09:27:07.956604,0.36470062027600564,0.30394353836000726
267,2021-09-20 09:27:08.056320,0.328327630850425,0.21980550124891735
268,2021-09-20 09:27:08.156717,0.30674576037640533,0.32405830427473203
269,2021-09-20 09:27:08.256595,0.29932546246431246,0.37969564438994213
270,2021-09-20 09:27:08.356432,0.29948150963809683,0.36687660369195224
271,2021-09-20 09:27:08.456215,0.3167072287824869,0.33412078766342224
272,2021-09-20 09:27:08.556042,0.29788119112125166,0.3038680372503639
273,2021-09-20 09:27:08.656825,0.2611794043734074,0.2950060162036411
274,2021-09-20 09:27:08.756618,0.21524072451719403,0.2463960687704629
275,2021-09-20 09:27:08.856481,0.1725031418016266,0.30205644116496233
276,2021-09-20 09:27:08.956285,0.19408212829087823,0.31511638257883917
277,2021-09-20 09:27:09.056081,0.17397269848989835,0.2792483885617635
278,2021-09-20 09:27:09.156603,0.19667548079054767,0.36425887904301985
279,2021-09-20 09:27:09.256345,0.21202374124102355,0.36736500658919724
280,2021-09-20 09:27:09.356513,0.2078316699715485,0.3995545056300863
281,2021-09-20 09:27:09.456341,0.17110046987259148,0.3741061465680681
282,2021-09-20 09:27:09.555784,0.22143085026465162,0.39130622959650235
283,2021-09-20 09:27:09.655853,0.21874221231248872,0.326706128980075
284,2021-09-20 09:27:09.756777,0.2808908673454585,0.31668165015659144
285,2021-09-20 09:27:09.855863,0.3065764642065996,0.31251320616768624
286,2021-09-20 09:27:09.955818,0.292055130045929,0.34012510737189233
287,2021-09-20 09:27:10.056487,0.22291179630869853,0.30341677011514145
288,2021-09-20 09:27:10.155885,0.17200919593514677,0.2588907768995736
289,2021-09-20 09:27:10.256220,0.16850025276485037,0.37825779992364517
290,2021-09-20 09:27:10.356315,0.19409907667141027,0.30190110177680873
291,2021-09-20 09:27:10.455806,0.1707667694136368,0.23329831789865374
292,2021-09-20 09:27:10.556723,0.2383540776814709,0.21224298797699911
293,2021-09-20 09:27:10.656282,0.2621380102698158,0.24520548460884767
294,2021-09-20 09:27:10.756356,0.2720511308307392,0.2724880135640304
295,2021-09-20 09:27:10.855860,0.18419293637261097,0.33313422276116017
296,2021-09-20 09:27:10.956692,0.16843776994131443,0.3472255754120545
297,2021-09-20 09:27:11.056496,0.18417850847451114,0.33517619046581176
298,2021-09-20 09:27:11.156183,0.16841175233041863,0.36375812485486325
299,2021-09-20 09:27:11.255942,0.16899908216802148,0.4263585665716288
300,2021-09-20 09:27:11.356722,0.16906667313512916,0.44812361166080694
301,2021-09-20 09:27:11.456556,0.1756571655434291,0.3248122261324443
302,2021-09-20 09:27:11.556270,0.1982186344453344,0.31070138738977804
303,2021-09-20 09:27:11.656402,0.20528564897719617,0.3291822964672518
304,2021-09-20 09:27:11.755974,0.16950199213863756,0.21935007953930757
305,2021-09-20 09:27:11.856070,0.24146573329744542,0.2333511562586189
306,2021-09-20 09:27:11.956724,0.2584383321089317,0.1863975261625874
307,2021-09-20 09:27:12.056364,0.3057193597792029,0.19839992249540697
308,2021-09-20 09:27:12.156806,0.27427306650648675,0.24540512257448022
309,2021-09-20 09:27:12.255801,0.3584300511042417,0.27073795625833036
310,2021-09-20 09:27:12.355913,0.34590537075553296,0.30461577817496893
311,2021-09-20 09:27:12.456371,0.24033316656469336,0.39119487407507986
312,2021-09-20 09:27:12.556042,0.16856673199764455,0.38505955285269383
313,2021-09-20 09:27:12.656778,0.18433119944991389,0.40572370975259836
314,2021-09-20 09:27:12.756552,0.17103534705084295,0.3658347446193511
315,2021-09-20 09:27:12.856391,0.18337870724942013,0.35679783594327635
316,2021-09-20 09:27:12.956113,0.1715041228312364,0.3966856550789555
317,2021-09-20 09:27:13.055890,0.1950582482442267,0.29254319295797815
318,2021-09-20 09:27:13.156550,0.17617465876109475,0.25952624556165255
319,2021-09-20 09:27:13.256605,0.18026477692203036,0.3659612613462836
320,2021-09-20 09:27:13.356396,0.21346398451294385,0.3299732467534834
321,2021-09-20 09:27:13.456271,0.27825330440648594,0.3703643635607791
322,2021-09-20 09:27:13.556724,0.3548899366068838,0.302528246073004
323,2021-09-20 09:27:13.656634,0.25389879696616974,0.20521187981067712
324,2021-09-20 09:27:13.756155,0.32449548512930676,0.28774799110675464
325,2021-09-20 09:27:13.856767,0.2847066597228789,0.29893268585130955
326,2021-09-20 09:27:13.956717,0.21928427117571928,0.3573427891643458
327,2021-09-20 09:27:14.056812,0.2284571196237611,0.40477558456277934
328,2021-09-20 09:27:14.156204,0.18340749246594545,0.4182565750274184
329,2021-09-20 09:27:14.255767,0.1717495622478519,0.3510205333333994
330,2021-09-20 09:27:14.356892,0.18342965722421684,0.3851338086353927
331,2021-09-20 09:27:14.456781,0.1804270786930613,0.33074212486900484
332,2021-09-20 09:27:14.556401,0.17147405880883254,0.24069496410303565
333,2021-09-20 09:27:14.656615,0.1873502152241152,0.22600026409837842
334,2021-09-20 09:27:14.756684,0.16880061752531883,0.2985587791891298
335,2021-09-20 09:27:14.856318,0.343178391283253,0.3207097980972623
336,2021-09-20 09:27:14.956329,0.17202734888816235,0.27264583340669807
337,2021-09-20 09:27:15.056067,0.19144307413869013,0.2283784319833195
338,2021-09-20 09:27:15.155820,0.210908386542222,0.23451537811440315
339,2021-09-20 09:27:15.256025,0.20242252284191814,0.3069194930162086
340,2021-09-20 09:27:15.356777,0.2532862062466784,0.29727185070761275
341,2021-09-20 09:27:15.456586,0.2560187822670362,0.33697778655493266
342,2021-09-20 09:27:15.556495,0.22121456396052483,0.3505934632970954
343,2021-09-20 09:27:15.656108,0.21377738225086618,0.34910119003314743
344,2021-09-20 09:27:15.756070,0.24702546908419018,0.34073482276430767
345,2021-09-20 09:27:15.855789,0.33537385776810175,0.270383972873495
346,2021-09-20 09:27:15.956470,0.29370881999834003,0.3173902944411341
347,2021-09-20 09:27:16.056090,0.25246801224831744,0.3426754958284337
348,2021-09-20 09:27:16.156579,0.3074219964296317,0.33524548062676995
349,2021-09-20 09:27:16.255838,0.25731530635687894,0.3180275213260561
350,2021-09-20 09:27:16.356693,0.19621204365891695,0.2685637023739747
351,2021-09-20 09:27:16.456192,0.19431573154225143,0.37015199435418117
352,2021-09-20 09:27:16.556622,0.16876767788353864,0.41272180705178574
353,2021-09-20 09:27:16.655936,-0.0756216623889254,0.3702767750383225
354,2021-09-20 09:27:16.756377,0.0659640562348955,0.38698895678374023
355,2021-09-20 09:27:16.856687,-0.08707978701822386,0.36426966218988455
356,2021-09-20 09:27:16.956121,0.10434232883176087,0.35222141340867885
357,2021-09-20 09:27:17.056515,0.168658525052169,0.24325834901224622
358,2021-09-20 09:27:17.155786,0.18402405212117337,0.22418734923379938
359,2021-09-20 09:27:17.256302,0.1921963817648659,0.2131411147464914
360,2021-09-20 09:27:17.356713,0.18575585692652896,0.18614269457693625
361,2021-09-20 09:27:17.456095,0.2971830745293168,0.16902793221341247
362,2021-09-20 09:27:17.556660,0.37453883825712925,0.20806091622587303
363,2021-09-20 09:27:17.656104,0.43266403183328084,0.17580405656931605
364,2021-09-20 09:27:17.756635,0.4070097585634373,0.17589134945415297
365,2021-09-20 09:27:17.856520,0.3336285508327514,0.207620404365944
366,2021-09-20 09:27:17.956289,0.31653047629319964,0.243219868495948
367,2021-09-20 09:27:18.055786,0.25394950947961936,0.3395299931920427
368,2021-09-20 09:27:18.156216,0.2487924470382229,0.4074002921794855
369,2021-09-20 09:27:18.255802,0.16859894335426492,0.5219978773719831
370,2021-09-20 09:27:18.356616,-0.11156189933224672,0.5044714667876187
371,2021-09-20 09:27:18.456685,-0.01868801531685242,0.4884589495068647
372,2021-09-20 09:27:18.556971,0.0002579475392231035,0.43489874509506643
373,2021-09-20 09:27:18.656537,0.1767468486729814,0.3841362625561229
374,2021-09-20 09:27:18.756167,0.28098719280379697,0.34772794595182005
375,2021-09-20 09:27:18.856549,0.24799879481387924,0.35292294184428413
376,2021-09-20 09:27:18.956353,0.3706196732498033,0.31562807544789095
377,2021-09-20 09:27:19.056154,0.29617191888239386,0.3396234507549118
378,2021-09-20 09:27:19.156233,0.31170197563333174,0.3102916150869585
379,2021-09-20 09:27:19.256170,0.42807410430986553,0.3036739426581293
380,2021-09-20 09:27:19.356087,0.41286739284874036,0.2615046216474998
381,2021-09-20 09:27:19.456058,0.41449204646644056,0.29185119722233616
382,2021-09-20 09:27:19.556900,0.4175284641093676,0.2578433546790137
383,2021-09-20 09:27:19.656594,0.35589445427391353,0.2762727241767252
384,2021-09-20 09:27:19.756164,0.2772122412561162,0.3643409513472085
385,2021-09-20 09:27:19.856747,0.27196008761033696,0.453823380724955
386,2021-09-20 09:27:19.956551,0.2382491004711102,0.4204040629323995
387,2021-09-20 09:27:20.056288,0.18673457025520962,0.4887742841603789
388,2021-09-20 09:27:20.156852,0.1911985356275261,0.46401073010264343
389,2021-09-20 09:27:20.256214,0.19318491770645121,0.4902919856502337
390,2021-09-20 09:27:20.356762,0.17703072457025304,0.427736293211014
391,2021-09-20 09:27:20.456667,0.17264967440179832,0.39729911285312897
392,2021-09-20 09:27:20.556607,0.20260635296330667,0.38276059637668813
393,2021-09-20 09:27:20.656234,0.2190309280128556,0.3130775700612326
394,2021-09-20 09:27:20.756058,0.2150574000039122,0.33210634455451205
395,2021-09-20 09:27:20.855752,0.16841792393705068,0.36072830556703483
396,2021-09-20 09:27:20.956244,0.3601227316171357,0.31450010244214477
397,2021-09-20 09:27:21.056209,0.18164514733021486,0.29803331923805243
398,2021-09-20 09:27:21.155899,0.168480852577558,0.20178375365651846
399,2021-09-20 09:27:21.256663,0.19990416769877656,0.23249094653609334
400,2021-09-20 09:27:21.356575,0.2050937202523255,0.2007452709200353
401,2021-09-20 09:27:21.456237,0.1884249465041034,0.3627935478382339
402,2021-09-20 09:27:21.556124,0.2169809314107088,0.2292607329232318
403,2021-09-20 09:27:21.655799,0.16972416505602125,0.28751060583497456
404,2021-09-20 09:27:21.756761,0.1832179670429502,0.31817077442933916
405,2021-09-20 09:27:21.856731,0.2897874801958402,0.3520518900953029
406,2021-09-20 09:27:21.956437,0.18255969333105512,0.3682377162443144
407,2021-09-20 09:27:22.055767,0.213372253500469,0.39676806124560576
408,2021-09-20 09:27:22.156245,0.20071964980546156,0.35713587300470995
409,2021-09-20 09:27:22.256735,0.19713313577053737,0.3879956162764549
410,2021-09-20 09:27:22.356509,0.1919852696398773,0.36274898524827925
411,2021-09-20 09:27:22.456541,0.23972359124180478,0.3009594151758339
412,2021-09-20 09:27:22.556524,0.20727148237278226,0.23628775861822587
413,2021-09-20 09:27:22.656178,0.19239717868246545,0.21992731538985877
414,2021-09-20 09:27:22.755797,0.16991075407878262,0.2977511702155326
415,2021-09-20 09:27:22.856481,0.20071753356758698,0.3060390774901061
416,2021-09-20 09:27:22.956429,0.18783143216751028,0.20570120375469134
417,2021-09-20 09:27:23.056256,0.18934630072379985,0.19788075091647486
418,2021-09-20 09:27:23.156098,0.17163212360492833,0.27525450072302654
419,2021-09-20 09:27:23.256715,0.009397791963649023,0.2736040679023249
420,2021-09-20 09:27:23.356521,-0.0900125121110235,0.32097139763611837
421,2021-09-20 09:27:23.456283,0.14689404092863909,0.26739697186919636
422,2021-09-20 09:27:23.556060,0.07152915284955252,0.29055035031404897
423,2021-09-20 09:27:23.656735,0.2805875202999236,0.2606016310586711
424,2021-09-20 09:27:23.756454,0.16883695931294146,0.26910618641293277
425,2021-09-20 09:27:23.856388,0.17775507614919797,0.25833719958983015
426,2021-09-20 09:27:23.956010,0.1914931430630091,0.32083989740002805
427,2021-09-20 09:27:24.056676,0.26084948405169833,0.2841075877439599
428,2021-09-20 09:27:24.156073,0.2775959391116293,0.28711485159670747
429,2021-09-20 09:27:24.256658,0.3565599777614254,0.2945391930393543
430,2021-09-20 09:27:24.356483,0.38906549909081545,0.22927819396722085
431,2021-09-20 09:27:24.456063,0.421385254476675,0.21569522252137563
432,2021-09-20 09:27:24.556800,0.40949388311344675,0.2942115622463578
433,2021-09-20 09:27:24.656585,0.3263055651019782,0.3644443262571553
434,2021-09-20 09:27:24.756337,0.2708486000866015,0.3785405767537671
435,2021-09-20 09:27:24.856081,0.2740750736070624,0.4217048766461878
436,2021-09-20 09:27:24.956749,0.17798664497964267,0.3596258051003949
437,2021-09-20 09:27:25.056403,0.16841383333903467,0.43304823079449617
438,2021-09-20 09:27:25.156378,0.1703968638030864,0.4325295859865059
439,2021-09-20 09:27:25.256253,0.39031747256856897,0.42878254397487797
440,2021-09-20 09:27:25.356512,0.3407039522712811,0.38046840866365317
441,2021-09-20 09:27:25.456092,0.1707995039047188,0.4311299766877714
442,2021-09-20 09:27:25.555992,0.2460762202938469,0.3430931624156163
443,2021-09-20 09:27:25.656709,0.25930306653046425,0.27943752106065417
444,2021-09-20 09:27:25.756881,0.33432464762556746,0.40368153192389494
445,2021-09-20 09:27:25.856749,0.33546577532389643,0.4169248343971968
446,2021-09-20 09:27:25.956591,0.27492391133641264,0.3486148584573653
447,2021-09-20 09:27:26.056732,0.4047339413011411,0.33354172394835746
448,2021-09-20 09:27:26.156232,0.3314975723649635,0.34293188988400036
449,2021-09-20 09:27:26.256028,0.3390074976074793,0.3810272106276063
450,2021-09-20 09:27:26.356815,0.2807562407611817,0.3978947580057452
451,2021-09-20 09:27:26.456796,0.21775468943432758,0.4063052881730976
452,2021-09-20 09:27:26.556372,0.16869697881616957,0.2347828987583394
453,2021-09-20 09:27:26.656451,0.18263406803670887,0.3322214818546352
454,2021-09-20 09:27:26.756274,0.1763645685486246,0.33407219994315557
455,2021-09-20 09:27:26.856305,0.1787708107622031,0.3590285133613003
456,2021-09-20 09:27:26.956431,-0.10189638684419605,0.274604360198374
457,2021-09-20 09:27:27.056196,0.08546133634243869,0.3235656528010985
458,2021-09-20 09:27:27.156015,0.034215774444861416,0.29926579998300473
459,2021-09-20 09:27:27.256658,0.16520429409336967,0.3099138450324793
460,2021-09-20 09:27:27.356715,0.18450324845680446,0.3046198330741675
461,2021-09-20 09:27:27.456571,0.16841192398749733,0.3029818264955205
462,2021-09-20 09:27:27.556489,0.16846525467873757,0.2876928171020044
463,2021-09-20 09:27:27.656192,0.1687575027583937,0.3119134563134182
464,2021-09-20 09:27:27.755845,0.19699391751781098,0.2819603831707858
465,2021-09-20 09:27:27.856630,0.19460337637663636,0.2536015276012216
466,2021-09-20 09:27:27.956803,0.2016769233101772,0.2341114606846128
467,2021-09-20 09:27:28.056724,0.16850024281186207,0.21546343757691538
468,2021-09-20 09:27:28.156300,0.1973711050717429,0.19761613296074798
469,2021-09-20 09:27:28.256447,0.2047989574160633,0.2530593811319235
470,2021-09-20 09:27:28.356371,0.16844688385206485,0.18393440285663898
471,2021-09-20 09:27:28.456423,0.2953692959947676,0.32474733247418197
472,2021-09-20 09:27:28.556180,0.18478433655246204,0.3496067578084019
473,2021-09-20 09:27:28.656736,0.2122260985945061,0.3497267555080907
474,2021-09-20 09:27:28.756482,0.08748675423488239,0.34637949706983
475,2021-09-20 09:27:28.856194,0.005884597585103553,0.36219269633678447
476,2021-09-20 09:27:28.955928,-0.17306293180934285,0.29271067315901883
477,2021-09-20 09:27:29.056826,0.18699208655070984,0.21597097452643074
478,2021-09-20 09:27:29.156571,0.17479328781276962,0.17646839964075237
479,2021-09-20 09:27:29.256243,0.2192806214770385,0.19379154418340455
480,2021-09-20 09:27:29.356838,0.2590789806104218,0.18222038447420716
481,2021-09-20 09:27:29.456578,0.2681415131627683,0.21088736266698394
482,2021-09-20 09:27:29.556457,0.22174809383810273,0.3491065384637015
483,2021-09-20 09:27:29.656337,0.22469199378334745,0.4365026088900923
484,2021-09-20 09:27:29.756229,0.20654904700616503,0.35989316380890957
485,2021-09-20 09:27:29.856050,0.20389111055258122,0.4210194880380603
486,2021-09-20 09:27:29.956645,0.2192196110944879,0.46574548440062535
487,2021-09-20 09:27:30.056499,0.16844626292405138,0.4134249006432893
488,2021-09-20 09:27:30.155974,0.17094976789917132,0.4394409040237025
489,2021-09-20 09:27:30.256005,-0.12133790180169887,0.39933085447295735
490,2021-09-20 09:27:30.356711,0.17047037962979666,0.2909015025334283
491,2021-09-20 09:27:30.455777,0.18182570101041662,0.31621927640324743
492,2021-09-20 09:27:30.556385,0.26764047048234,0.3312582965926861
493,2021-09-20 09:27:30.656070,0.22696702589542692,0.28062535226334445
494,2021-09-20 09:27:30.755807,0.23947748944981853,0.27343237827405265
495,2021-09-20 09:27:30.856536,0.3209535445847084,0.38401680183337233
496,2021-09-20 09:27:30.956286,0.23832373887277827,0.26251071128120035
497,2021-09-20 09:27:31.056304,0.2102510225798354,0.25975515220332257
498,2021-09-20 09:27:31.156078,0.20127966462193148,0.322197469383503
499,2021-09-20 09:27:31.255947,0.20406176830197764,0.31267564233613454
500,2021-09-20 09:27:31.356789,0.17573031795725727,0.3265381750693113
501,2021-09-20 09:27:31.456717,0.2177805580349208,0.3162862143708227
502,2021-09-20 09:27:31.556134,0.20549919873350578,0.3001898537721402
503,2021-09-20 09:27:31.656928,0.23044495067788995,0.35839421627638285
504,2021-09-20 09:27:31.756098,0.23455910199923882,0.36427097266864206
505,2021-09-20 09:27:31.856289,0.2569565304835498,0.343383574927622
506,2021-09-20 09:27:31.956381,0.17552760540709966,0.4321295712895491
507,2021-09-20 09:27:32.056189,0.16922543823622088,0.3578493008855708
508,2021-09-20 09:27:32.156662,0.17093311350979917,0.4219688685084088
509,2021-09-20 09:27:32.256091,0.2023723976533117,0.3948092694669518
510,2021-09-20 09:27:32.356145,0.23418344779197148,0.3121609658937947
511,2021-09-20 09:27:32.456757,0.31629023735014106,0.28467416945961416
512,2021-09-20 09:27:32.556593,0.23487888266438925,0.30812543379764845
513,2021-09-20 09:27:32.656656,0.17362677633812978,0.2987317450678871
514,2021-09-20 09:27:32.756272,0.24384774438939916,0.2989021207959903
515,2021-09-20 09:27:32.856367,0.35580079072300574,0.3569209856461349
516,2021-09-20 09:27:32.956505,0.2237909617136862,0.3339985958722735
517,2021-09-20 09:27:33.056107,0.2778913299356169,0.30574281116400737
518,2021-09-20 09:27:33.156011,0.24305364938817772,0.33007595619036767
519,2021-09-20 09:27:33.256249,0.2853281112128359,0.21762936801853922
520,2021-09-20 09:27:33.356814,0.1695266675460359,0.292038995388899
521,2021-09-20 09:27:33.456681,0.1948004969083552,0.22620544811647741
522,2021-09-20 09:27:33.556411,0.17333534599425077,0.30741647741948497
523,2021-09-20 09:27:33.656794,0.18837356071071085,0.39016704545947684
524,2021-09-20 09:27:33.756364,-0.22899935939890773,0.23322836551801085
525,2021-09-20 09:27:33.856131,-0.20329644394684004,0.2892508091036547
526,2021-09-20 09:27:33.955873,-0.010301928961093143,0.26838103500798766
527,2021-09-20 09:27:34.056812,-0.02187877639419243,0.258048271730992
528,2021-09-20 09:27:34.156047,0.17129185227707158,0.3231899801263895
529,2021-09-20 09:27:34.256712,0.19605914343764094,0.2901542210786084
530,2021-09-20 09:27:34.356569,0.18125640733595708,0.38278237258966047
531,2021-09-20 09:27:34.456233,0.21927960701717597,0.404396639727105
532,2021-09-20 09:27:34.555789,0.18239295706562456,0.3586748716231777
533,2021-09-20 09:27:34.656515,0.16841651393093637,0.31272535376995503
534,2021-09-20 09:27:34.756701,0.17593912320713645,0.31423056079380024
535,2021-09-20 09:27:34.856300,0.18865642053089104,0.2269925462970143
536,2021-09-20 09:27:34.956796,0.267494406788327,0.2164131936757211
537,2021-09-20 09:27:35.056336,0.20772280981567515,0.23442462413970047
538,2021-09-20 09:27:35.155974,0.1793864035204265,0.20341187619699114
539,2021-09-20 09:27:35.256726,0.16924424363208893,0.2844536210375387
540,2021-09-20 09:27:35.356667,0.28042536295294757,0.24663867452242588
541,2021-09-20 09:27:35.456648,0.16858526045259,0.2819157780409805
542,2021-09-20 09:27:35.556324,0.13885291051728463,0.3146190262549695
543,2021-09-20 09:27:35.656470,0.16880666684001505,0.2636072327890941
544,2021-09-20 09:27:35.756061,0.17360124373423225,0.26177092436698357
545,2021-09-20 09:27:35.856045,0.16847560464686487,0.25847136365949597
546,2021-09-20 09:27:35.956855,0.21022128736323217,0.21915918679438598
547,2021-09-20 09:27:36.056503,0.20576449436522518,0.28388167188088287
548,2021-09-20 09:27:36.156028,0.1741539326210788,0.34481617636889933
549,2021-09-20 09:27:36.256025,0.17923321863769998,0.3842776902211668
550,2021-09-20 09:27:36.356717,0.20992715805437653,0.39088645797203464
551,2021-09-20 09:27:36.455804,0.24103490665283303,0.36777787850493165
552,2021-09-20 09:27:36.556478,0.22015823080115277,0.3605291809729882
553,2021-09-20 09:27:36.656272,0.2602210939700901,0.24590100041074348
554,2021-09-20 09:27:36.756043,0.23771522930237104,0.23108949124001185
555,2021-09-20 09:27:36.856102,0.27613427897742926,0.3191292832103443
556,2021-09-20 09:27:36.956862,0.23176361966697975,0.36343835060539337
557,2021-09-20 09:27:37.056741,0.17706374832208993,0.3866844394600562
558,2021-09-20 09:27:37.156691,0.16913469428521416,0.28227803572989
559,2021-09-20 09:27:37.256388,0.22960473287449937,0.30568399604144003
560,2021-09-20 09:27:37.356093,0.22686538836358422,0.29395380399726645
561,2021-09-20 09:27:37.455820,0.22462538589415545,0.31645858593327547
562,2021-09-20 09:27:37.556596,0.21094601637571592,0.3306518658332799
563,2021-09-20 09:27:37.656461,0.1784766876902178,0.3298875831035904
564,2021-09-20 09:27:37.756305,0.24656794091990103,0.2756587614297952
565,2021-09-20 09:27:37.856777,0.16966834740999182,0.2745484699468607
566,2021-09-20 09:27:37.956568,0.17521890045312452,0.3514128157932483
567,2021-09-20 09:27:38.056373,0.17106782939226947,0.35746126993796923
568,2021-09-20 09:27:38.155937,0.19980025325934675,0.36094104388810627
569,2021-09-20 09:27:38.256731,0.17376122315395015,0.3518236794816735
570,2021-09-20 09:27:38.356413,0.23209887604166593,0.3765421615741874
571,2021-09-20 09:27:38.456208,0.21078412726753384,0.4089412915610825
572,2021-09-20 09:27:38.556024,0.242576604726528,0.382932198904646
573,2021-09-20 09:27:38.656773,0.21034553538161355,0.22823072169262018
574,2021-09-20 09:27:38.756274,0.16843515117105046,0.2976148920584643
575,2021-09-20 09:27:38.856806,0.17042439977689414,0.29131065516939963
576,2021-09-20 09:27:38.956746,0.19890428330051318,0.3364412545626728
577,2021-09-20 09:27:39.056849,0.18595567406536662,0.307256535205975
578,2021-09-20 09:27:39.156495,0.17881505839131304,0.2874222977618346
579,2021-09-20 09:27:39.256233,0.17570669779234963,0.31328819084103704
580,2021-09-20 09:27:39.356204,0.1948835366812289,0.2581530856741878
581,2021-09-20 09:27:39.456384,0.20274866856528068,0.21668496699944248
582,2021-09-20 09:27:39.556173,0.19512645402286644,0.24024209486564463
583,2021-09-20 09:27:39.656058,0.2099231454404018,0.23509870524679932
584,2021-09-20 09:27:39.755964,0.18793978284404003,0.1772060053329277
585,2021-09-20 09:27:39.856783,0.19183611122829458,0.19347849401511988
586,2021-09-20 09:27:39.956658,0.2273650144987322,0.28128401462032787
587,2021-09-20 09:27:40.056792,0.2431177376545887,0.29357255241131763
588,2021-09-20 09:27:40.156321,0.2525986527922138,0.30275823562830095
589,2021-09-20 09:27:40.256055,0.34670989158414234,0.27427400996559803
590,2021-09-20 09:27:40.356187,0.3435166730717489,0.2529544337137467
591,2021-09-20 09:27:40.456707,0.29658998204059933,0.3539348052170695
592,2021-09-20 09:27:40.556541,0.2912531337416411,0.34423134101387703
593,2021-09-20 09:27:40.656362,0.2652449952952935,0.36254338849932866
594,2021-09-20 09:27:40.756440,0.2101862918427072,0.3967580583647964
595,2021-09-20 09:27:40.855983,0.17016656309941908,0.42234597054523804
596,2021-09-20 09:27:40.956718,0.3518720428184149,0.4012147327824144
597,2021-09-20 09:27:41.056689,0.17009194144109593,0.4168833996148251
598,2021-09-20 09:27:41.156389,0.2378064832482795,0.3306255312386147
599,2021-09-20 09:27:41.256115,0.2503760503583956,0.31299039911843785
600,2021-09-20 09:27:41.355876,0.25781560212986177,0.3093330721193072
601,2021-09-20 09:27:41.456058,0.32510917259289185,0.37540046633786217
602,2021-09-20 09:27:41.555986,0.21695992782593101,0.3608807502825525
603,2021-09-20 09:27:41.656133,0.2045122762928011,0.4085587942429253
604,2021-09-20 09:27:41.755997,0.1703421983873647,0.2867292954727404
605,2021-09-20 09:27:41.856808,0.19504402374193536,0.3347840678828628
606,2021-09-20 09:27:41.956578,0.16850165902303818,0.26699610565797716
607,2021-09-20 09:27:42.056006,0.17473412574332559,0.2556410105310432
608,2021-09-20 09:27:42.156473,0.19812895680555428,0.38460202996802095
609,2021-09-20 09:27:42.256186,0.17762879807179222,0.3586333979503193
610,2021-09-20 09:27:42.356343,0.19296038859701564,0.31195408922347906
611,2021-09-20 09:27:42.455819,0.18036003354564673,0.3599856517341528
612,2021-09-20 09:27:42.556838,0.19181119160953047,0.3237653269874829
613,2021-09-20 09:27:42.656393,0.17173588979145205,0.3846476149918961
614,2021-09-20 09:27:42.756181,0.22872870839150117,0.4108703778487988
615,2021-09-20 09:27:42.856238,0.28350074723445556,0.27202690844492317
616,2021-09-20 09:27:42.956162,0.33933695192871527,0.28241554368858285
617,2021-09-20 09:27:43.056032,0.40001541534176666,0.2831189024341504
618,2021-09-20 09:27:43.156647,0.42117962731563685,0.24646190777674146
619,2021-09-20 09:27:43.256266,0.36846562602074107,0.2239112275011157
620,2021-09-20 09:27:43.356415,0.27828015027223846,0.3566690533192761
621,2021-09-20 09:27:43.456694,0.22723489470749464,0.38828392503131576
622,2021-09-20 09:27:43.556539,0.20614024299949787,0.38521236859428254
623,2021-09-20 09:27:43.656269,0.1703514764556524,0.354124094028888
624,2021-09-20 09:27:43.756187,0.17644206154976536,0.33009138707330704
625,2021-09-20 09:27:43.855828,0.16841211088324254,0.32752835117653356
626,2021-09-20 09:27:43.956013,0.1933557382175029,0.3845098158732763
627,2021-09-20 09:27:44.056607,0.16911310554699066,0.3041702767513281
628,2021-09-20 09:27:44.156051,0.29127118456304185,0.41735468776270235
629,2021-09-20 09:27:44.256171,-0.11868034676344165,0.3337322908467846
630,2021-09-20 09:27:44.356714,0.32874289081656666,0.30707694938580793
631,2021-09-20 09:27:44.456519,0.17535067247945413,0.2378344743441955
632,2021-09-20 09:27:44.556448,0.23124566952655498,0.20604061089083137
633,2021-09-20 09:27:44.656233,0.4109481020425854,0.17934205884320703
634,2021-09-20 09:27:44.756321,0.3746334288939934,0.239224249756446
635,2021-09-20 09:27:44.855815,0.3728984429816912,0.2327228189947658
636,2021-09-20 09:27:44.956833,0.412045423539064,0.2672527142660265
637,2021-09-20 09:27:45.056516,0.33045973150466473,0.3712945454843893
638,2021-09-20 09:27:45.156086,0.24879936715560488,0.46188194890412704
639,2021-09-20 09:27:45.256758,0.30764118892954306,0.3819542711846824
640,2021-09-20 09:27:45.356573,0.22671517281506506,0.4221034946709681
641,2021-09-20 09:27:45.456520,0.17422839499197817,0.44675162488481346
642,2021-09-20 09:27:45.556437,0.2892753571396277,0.4901289380281201
643,2021-09-20 09:27:45.656352,-0.005927905628105457,0.43063455116697524
644,2021-09-20 09:27:45.756233,0.2967113287102178,0.425662238569024
645,2021-09-20 09:27:45.856155,0.1765358662341113,0.4106170449381128
646,2021-09-20 09:27:45.956270,0.19812418465780787,0.35511629222761254
647,2021-09-20 09:27:46.056037,0.1819808264594973,0.28704558377283107
648,2021-09-20 09:27:46.156550,0.18872832854088825,0.25574654906057065
649,2021-09-20 09:27:46.256028,0.20744089951820396,0.30140410290067593
650,2021-09-20 09:27:46.356776,0.3057209821763261,0.3724284041518712
651,2021-09-20 09:27:46.456521,0.40889922758292424,0.37698885142754096
652,2021-09-20 09:27:46.556367,0.1907150106980671,0.31427443170801395
653,2021-09-20 09:27:46.656345,0.24119746983719334,0.2299760790266676
654,2021-09-20 09:27:46.756150,0.17923846136915922,0.1880270948174839
655,2021-09-20 09:27:46.855798,0.17838599498257665,0.1892630789044115
656,2021-09-20 09:27:46.956800,0.2203706235041366,0.22955734637834427
657,2021-09-20 09:27:47.056662,0.17723547471502518,0.2769386132658097
658,2021-09-20 09:27:47.156120,0.16874408182890413,0.23771871820386542
659,2021-09-20 09:27:47.256386,0.1911673353452475,0.31901772893688163
660,2021-09-20 09:27:47.356586,0.40360135158363947,0.33057503607270095
661,2021-09-20 09:27:47.456217,-0.06433531796207487,0.38873007263374276
662,2021-09-20 09:27:47.555815,0.0,0.0
663,2021-09-20 09:27:47.656661,0.0,0.0
664,2021-09-20 09:27:47.756779,0.0,0.0
665,2021-09-20 09:27:47.856509,0.0,0.0
666,2021-09-20 09:27:47.956331,0.0,0.0
667,2021-09-20 09:27:48.056169,0.0,0.0
668,2021-09-20 09:27:48.156742,0.0,0.0
669,2021-09-20 09:27:48.256730,0.0,0.0
670,2021-09-20 09:27:48.356249,0.0,0.0
671,2021-09-20 09:27:48.456242,0.0,0.0
672,2021-09-20 09:27:48.555849,0.0,0.0
673,2021-09-20 09:27:48.656643,0.0,0.0
674,2021-09-20 09:27:48.756421,0.0,0.0
675,2021-09-20 09:27:48.856250,0.0,0.0
676,2021-09-20 09:27:48.955978,0.0,0.0
677,2021-09-20 09:27:49.056878,0.0,0.0
678,2021-09-20 09:27:49.156376,0.0,0.0
679,2021-09-20 09:27:49.256069,0.0,0.0
680,2021-09-20 09:27:49.355773,0.0,0.0
681,2021-09-20 09:27:49.456783,0.0,0.0
682,2021-09-20 09:27:49.556491,0.0,0.0
683,2021-09-20 09:27:49.656138,0.0,0.0
684,2021-09-20 09:27:49.756237,0.0,0.0
685,2021-09-20 09:27:49.856008,0.0,0.0
686,2021-09-20 09:27:49.956722,0.0,0.0
687,2021-09-20 09:27:50.056478,0.0,0.0
688,2021-09-20 09:27:50.155990,0.0,0.0
689,2021-09-20 09:27:50.256751,0.0,0.0
690,2021-09-20 09:27:50.356589,0.0,0.0
691,2021-09-20 09:27:50.456138,0.0,0.0
692,2021-09-20 09:27:50.556065,0.0,0.0
693,2021-09-20 09:27:50.656853,0.0,0.0
694,2021-09-20 09:27:50.755960,0.0,0.0
695,2021-09-20 09:27:50.856609,0.0,0.0
696,2021-09-20 09:27:50.956378,0.0,0.0
697,2021-09-20 09:27:51.056042,0.0,0.0
698,2021-09-20 09:27:51.156535,0.0,0.0
699,2021-09-20 09:27:51.256715,0.0,0.0
700,2021-09-20 09:27:51.356370,0.0,0.0
701,2021-09-20 09:27:51.456218,0.0,0.0
702,2021-09-20 09:27:51.556353,0.0,0.0
703,2021-09-20 09:27:51.656968,0.0,0.0
704,2021-09-20 09:27:51.756056,0.0,0.0
705,2021-09-20 09:27:51.856709,0.0,0.0
706,2021-09-20 09:27:51.956639,0.0,0.0
707,2021-09-20 09:27:52.056259,0.0,0.0
708,2021-09-20 09:27:52.156642,0.0,0.0
709,2021-09-20 09:27:52.256835,0.0,0.0
710,2021-09-20 09:27:52.356558,0.0,0.0
711,2021-09-20 09:27:52.456423,0.0,0.0
712,2021-09-20 09:27:52.555959,0.0,0.0
713,2021-09-20 09:27:52.656402,0.0,0.0
714,2021-09-20 09:27:52.755996,0.0,0.0
715,2021-09-20 09:27:52.856503,0.0,0.0
716,2021-09-20 09:27:52.956224,0.0,0.0
717,2021-09-20 09:27:53.055963,0.0,0.0
718,2021-09-20 09:27:53.156486,0.0,0.0
719,2021-09-20 09:27:53.256204,0.0,0.0
720,2021-09-20 09:27:53.356274,0.0,0.0
721,2021-09-20 09:27:53.456031,0.0,0.0
722,2021-09-20 09:27:53.555941,0.0,0.0
723,2021-09-20 09:27:53.656384,0.0,0.0
724,2021-09-20 09:27:53.756834,0.0,0.0
725,2021-09-20 09:27:53.856783,0.0,0.0
726,2021-09-20 09:27:53.956552,0.0,0.0
727,2021-09-20 09:27:54.056813,0.0,0.0
728,2021-09-20 09:27:54.156310,0.0,0.0
729,2021-09-20 09:27:54.256496,0.0,0.0
730,2021-09-20 09:27:54.356189,0.0,0.0
731,2021-09-20 09:27:54.455920,0.0,0.0
732,2021-09-20 09:27:54.556736,0.0,0.0
733,2021-09-20 09:27:54.656635,0.0,0.0
734,2021-09-20 09:27:54.756091,0.0,0.0
735,2021-09-20 09:27:54.856197,0.0,0.0
736,2021-09-20 09:27:54.956809,0.0,0.0
737,2021-09-20 09:27:55.056732,0.0,0.0
738,2021-09-20 09:27:55.156299,0.0,0.0
739,2021-09-20 09:27:55.256154,0.0,0.0
740,2021-09-20 09:27:55.356910,0.0,0.0
741,2021-09-20 09:27:55.456026,0.0,0.0
742,2021-09-20 09:27:55.556618,0.0,0.0
743,2021-09-20 09:27:55.656371,0.0,0.0
744,2021-09-20 09:27:55.756434,0.0,0.0
745,2021-09-20 09:27:55.856806,0.0,0.0
746,2021-09-20 09:27:55.956800,0.0,0.0
747,2021-09-20 09:27:56.056432,0.0,0.0
748,2021-09-20 09:27:56.155969,0.0,0.0
749,2021-09-20 09:27:56.255786,0.0,0.0
750,2021-09-20 09:27:56.356598,0.0,0.0
751,2021-09-20 09:27:56.456735,0.0,0.0
752,2021-09-20 09:27:56.556292,0.0,0.0
753,2021-09-20 09:27:56.656076,0.0,0.0
754,2021-09-20 09:27:56.756884,0.0,0.0
755,2021-09-20 09:27:56.856532,0.0,0.0
756,2021-09-20 09:27:56.956101,0.0,0.0
757,2021-09-20 09:27:57.056115,0.0,0.0
758,2021-09-20 09:27:57.156707,0.0,0.0
759,2021-09-20 09:27:57.256400,0.0,0.0
760,2021-09-20 09:27:57.356058,0.0,0.0
761,2021-09-20 09:27:57.456883,0.0,0.0
762,2021-09-20 09:27:57.555813,0.0,0.0
763,2021-09-20 09:27:57.656574,0.0,0.0
764,2021-09-20 09:27:57.756643,0.0,0.0
765,2021-09-20 09:27:57.856198,0.0,0.0
766,2021-09-20 09:27:57.955812,0.0,0.0
767,2021-09-20 09:27:58.056383,0.0,0.0
768,2021-09-20 09:27:58.156631,0.0,0.0
769,2021-09-20 09:27:58.256709,0.0,0.0
770,2021-09-20 09:27:58.356388,0.0,0.0
771,2021-09-20 09:27:58.456067,0.0,0.0
772,2021-09-20 09:27:58.556850,0.0,0.0
773,2021-09-20 09:27:58.656516,0.0,0.0
774,2021-09-20 09:27:58.756371,0.0,0.0
775,2021-09-20 09:27:58.856315,0.0,0.0
776,2021-09-20 09:27:58.956252,0.0,0.0
777,2021-09-20 09:27:59.056733,0.0,0.0
778,2021-09-20 09:27:59.156283,0.0,0.0
779,2021-09-20 09:27:59.256144,0.0,0.0
780,2021-09-20 09:27:59.355887,0.0,0.0
781,2021-09-20 09:27:59.456575,0.0,0.0
782,2021-09-20 09:27:59.556342,0.0,0.0
783,2021-09-20 09:27:59.656373,0.0,0.0
784,2021-09-20 09:27:59.756110,0.0,0.0
785,2021-09-20 09:27:59.856745,0.0,0.0
786,2021-09-20 09:27:59.956612,0.0,0.0
787,2021-09-20 09:28:00.056204,0.0,0.0
788,2021-09-20 09:28:00.156813,0.0,0.0
789,2021-09-20 09:28:00.256011,0.0,0.0
790,2021-09-20 09:28:00.356527,0.0,0.0
791,2021-09-20 09:28:00.456070,0.0,0.0
792,2021-09-20 09:28:00.556273,0.0,0.0
793,2021-09-20 09:28:00.656345,0.0,0.0
794,2021-09-20 09:28:00.756436,0.0,0.0
795,2021-09-20 09:28:00.856376,0.0,0.0
796,2021-09-20 09:28:00.956177,0.0,0.0
797,2021-09-20 09:28:01.055797,0.0,0.0
798,2021-09-20 09:28:01.156289,0.0,0.0
799,2021-09-20 09:28:01.256461,0.0,0.0
800,2021-09-20 09:28:01.356263,0.0,0.0
801,2021-09-20 09:28:01.456179,0.0,0.0
802,2021-09-20 09:28:01.555792,0.0,0.0
803,2021-09-20 09:28:01.656375,0.0,0.0
804,2021-09-20 09:28:01.756184,0.0,0.0
805,2021-09-20 09:28:01.856822,0.0,0.0
806,2021-09-20 09:28:01.956602,0.0,0.0
807,2021-09-20 09:28:02.056355,0.0,0.0
808,2021-09-20 09:28:02.156775,0.0,0.0
809,2021-09-20 09:28:02.256512,0.0,0.0
810,2021-09-20 09:28:02.356565,0.0,0.0
811,2021-09-20 09:28:02.456231,0.0,0.0
812,2021-09-20 09:28:02.556692,0.0,0.0
813,2021-09-20 09:28:02.656812,0.0,0.0
814,2021-09-20 09:28:02.756396,0.0,0.0
815,2021-09-20 09:28:02.855788,0.0,0.0
816,2021-09-20 09:28:02.956810,0.0,0.0
817,2021-09-20 09:28:03.055901,0.0,0.0
818,2021-09-20 09:28:03.156491,0.0,0.0
819,2021-09-20 09:28:03.256333,0.0,0.0
820,2021-09-20 09:28:03.355990,0.0,0.0
821,2021-09-20 09:28:03.456047,0.0,0.0
822,2021-09-20 09:28:03.556005,0.0,0.0
823,2021-09-20 09:28:03.656582,0.0,0.0
824,2021-09-20 09:28:03.756128,0.0,0.0
825,2021-09-20 09:28:03.856733,0.0,0.0
826,2021-09-20 09:28:03.956695,0.0,0.0
827,2021-09-20 09:28:04.056465,0.0,0.0
828,2021-09-20 09:28:04.156182,0.0,0.0
829,2021-09-20 09:28:04.255989,0.0,0.0
830,2021-09-20 09:28:04.356128,0.0,0.0
831,2021-09-20 09:28:04.456712,0.0,0.0
832,2021-09-20 09:28:04.556246,0.0,0.0
833,2021-09-20 09:28:04.656815,0.0,0.0
834,2021-09-20 09:28:04.756579,0.0,0.0
835,2021-09-20 09:28:04.856228,0.0,0.0
836,2021-09-20 09:28:04.956186,0.0,0.0
837,2021-09-20 09:28:05.056363,0.0,0.0
838,2021-09-20 09:28:05.155802,0.0,0.0
839,2021-09-20 09:28:05.256305,0.0,0.0
840,2021-09-20 09:28:05.356838,0.0,0.0
841,2021-09-20 09:28:05.456406,0.0,0.0
842,2021-09-20 09:28:05.556191,0.0,0.0
843,2021-09-20 09:28:05.655966,0.0,0.0
844,2021-09-20 09:28:05.756750,0.0,0.0
845,2021-09-20 09:28:05.856329,0.0,0.0
846,2021-09-20 09:28:05.956214,0.0,0.0
847,2021-09-20 09:28:06.055897,0.0,0.0
848,2021-09-20 09:28:06.156520,0.0,0.0
849,2021-09-20 09:28:06.256405,0.0,0.0
850,2021-09-20 09:28:06.356840,0.0,0.0
851,2021-09-20 09:28:06.456391,0.0,0.0
852,2021-09-20 09:28:06.556252,0.0,0.0
853,2021-09-20 09:28:06.655811,0.0,0.0
854,2021-09-20 09:28:06.756716,0.0,0.0
855,2021-09-20 09:28:06.856518,0.0,0.0
856,2021-09-20 09:28:06.955976,0.0,0.0
857,2021-09-20 09:28:07.056584,0.0,0.0
858,2021-09-20 09:28:07.156273,0.0,0.0
859,2021-09-20 09:28:07.256137,0.0,0.0
860,2021-09-20 09:28:07.355945,0.0,0.0
861,2021-09-20 09:28:07.456417,0.0,0.0
862,2021-09-20 09:28:07.555785,0.0,0.0
863,2021-09-20 09:28:07.656811,0.0,0.0
864,2021-09-20 09:28:07.756421,0.0,0.0
865,2021-09-20 09:28:07.856219,0.0,0.0
866,2021-09-20 09:28:07.956052,0.0,0.0
867,2021-09-20 09:28:08.055804,0.0,0.0
868,2021-09-20 09:28:08.156919,0.0,0.0
869,2021-09-20 09:28:08.256253,0.0,0.0
870,2021-09-20 09:28:08.355808,0.0,0.0
871,2021-09-20 09:28:08.455742,0.0,0.0
872,2021-09-20 09:28:08.556336,0.0,0.0
873,2021-09-20 09:28:08.656899,0.0,0.0
874,2021-09-20 09:28:08.756300,0.0,0.0
875,2021-09-20 09:28:08.856904,0.0,0.0
876,2021-09-20 09:28:08.956648,0.0,0.0
877,2021-09-20 09:28:09.056169,0.0,0.0
878,2021-09-20 09:28:09.156719,0.0,0.0
879,2021-09-20 09:28:09.256397,0.0,0.0
880,2021-09-20 09:28:09.356209,0.0,0.0
881,2021-09-20 09:28:09.456115,0.0,0.0
882,2021-09-20 09:28:09.556784,0.0,0.0
883,2021-09-20 09:28:09.656229,0.0,0.0
884,2021-09-20 09:28:09.756835,0.0,0.0
885,2021-09-20 09:28:09.856678,0.0,0.0
886,2021-09-20 09:28:09.956598,0.0,0.0
887,2021-09-20 09:28:10.056427,0.0,0.0
888,2021-09-20 09:28:10.156096,0.0,0.0
889,2021-09-20 09:28:10.256196,0.0,0.0
890,2021-09-20 09:28:10.356384,0.0,0.0
891,2021-09-20 09:28:10.456495,0.0,0.0
892,2021-09-20 09:28:10.556599,0.0,0.0
893,2021-09-20 09:28:10.656197,0.0,0.0
894,2021-09-20 09:28:10.755892,0.0,0.0
895,2021-09-20 09:28:10.856001,0.0,0.0
896,2021-09-20 09:28:10.956663,0.0,0.0
897,2021-09-20 09:28:11.056329,0.0,0.0
898,2021-09-20 09:28:11.156072,0.0,0.0
899,2021-09-20 09:28:11.256892,0.0,0.0
900,2021-09-20 09:28:11.356092,0.0,0.0
901,2021-09-20 09:28:11.456750,0.0,0.0
902,2021-09-20 09:28:11.556732,0.0,0.0
903,2021-09-20 09:28:11.656468,0.0,0.0
904,2021-09-20 09:28:11.756854,0.0,0.0
905,2021-09-20 09:28:11.856367,0.0,0.0
906,2021-09-20 09:28:11.956382,0.0,0.0
907,2021-09-20 09:28:12.056000,0.0,0.0
908,2021-09-20 09:28:12.156543,0.0,0.0
909,2021-09-20 09:28:12.256442,0.0,0.0
910,2021-09-20 09:28:12.356439,0.0,0.0
911,2021-09-20 09:28:12.456300,0.0,0.0
912,2021-09-20 09:28:12.556110,0.0,0.0
913,2021-09-20 09:28:12.656779,0.0,0.0
914,2021-09-20 09:28:12.756419,0.0,0.0
915,2021-09-20 09:28:12.856050,0.0,0.0
916,2021-09-20 09:28:12.956708,0.0,0.0
917,2021-09-20 09:28:13.056597,0.0,0.0
918,2021-09-20 09:28:13.156119,0.0,0.0
919,2021-09-20 09:28:13.256479,0.0,0.0
920,2021-09-20 09:28:13.356247,0.0,0.0
921,2021-09-20 09:28:13.456383,0.0,0.0
922,2021-09-20 09:28:13.556267,0.0,0.0
923,2021-09-20 09:28:13.656017,0.0,0.0
924,2021-09-20 09:28:13.756662,0.0,0.0
925,2021-09-20 09:28:13.856662,0.0,0.0
926,2021-09-20 09:28:13.956283,0.0,0.0
927,2021-09-20 09:28:14.056109,0.0,0.0
928,2021-09-20 09:28:14.156699,0.0,0.0
929,2021-09-20 09:28:14.256456,0.0,0.0
930,2021-09-20 09:28:14.356446,0.0,0.0
931,2021-09-20 09:28:14.456281,0.0,0.0
932,2021-09-20 09:28:14.556079,0.0,0.0
933,2021-09-20 09:28:14.655920,0.0,0.0
934,2021-09-20 09:28:14.756634,0.0,0.0
935,2021-09-20 09:28:14.856724,0.0,0.0
936,2021-09-20 09:28:14.956581,0.0,0.0
937,2021-09-20 09:28:15.056657,0.0,0.0
938,2021-09-20 09:28:15.156481,0.0,0.0
939,2021-09-20 09:28:15.256458,0.0,0.0
940,2021-09-20 09:28:15.356129,0.0,0.0
941,2021-09-20 09:28:15.456842,0.0,0.0
942,2021-09-20 09:28:15.556571,0.0,0.0
943,2021-09-20 09:28:15.656323,0.0,0.0
944,2021-09-20 09:28:15.756160,0.0,0.0
945,2021-09-20 09:28:15.856712,0.0,0.0
946,2021-09-20 09:28:15.956400,0.0,0.0
947,2021-09-20 09:28:16.056008,0.0,0.0
948,2021-09-20 09:28:16.156765,0.0,0.0
949,2021-09-20 09:28:16.256760,0.0,0.0
950,2021-09-20 09:28:16.356483,0.0,0.0
951,2021-09-20 09:28:16.456037,0.0,0.0
952,2021-09-20 09:28:16.555844,0.0,0.0
953,2021-09-20 09:28:16.656644,0.0,0.0
954,2021-09-20 09:28:16.756432,0.0,0.0
955,2021-09-20 09:28:16.856261,0.0,0.0
956,2021-09-20 09:28:16.955860,0.0,0.0
957,2021-09-20 09:28:17.056396,0.0,0.0
958,2021-09-20 09:28:17.156196,0.0,0.0
959,2021-09-20 09:28:17.255927,0.0,0.0
960,2021-09-20 09:28:17.356547,0.0,0.0
961,2021-09-20 09:28:17.456401,0.0,0.0
962,2021-09-20 09:28:17.556536,0.0,0.0
963,2021-09-20 09:28:17.656547,0.0,0.0
964,2021-09-20 09:28:17.756598,0.0,0.0
965,2021-09-20 09:28:17.856414,0.0,0.0
966,2021-09-20 09:28:17.956167,0.0,0.0
967,2021-09-20 09:28:18.055991,0.0,0.0
968,2021-09-20 09:28:18.156865,0.0,0.0
969,2021-09-20 09:28:18.256031,0.0,0.0
970,2021-09-20 09:28:18.356761,0.0,0.0
971,2021-09-20 09:28:18.456382,0.0,0.0
972,2021-09-20 09:28:18.556522,0.0,0.0
973,2021-09-20 09:28:18.656212,0.0,0.0
974,2021-09-20 09:28:18.755974,0.0,0.0
975,2021-09-20 09:28:18.856743,0.0,0.0
976,2021-09-20 09:28:18.956687,0.0,0.0
977,2021-09-20 09:28:19.056440,0.0,0.0
978,2021-09-20 09:28:19.155872,0.0,0.0
979,2021-09-20 09:28:19.256778,0.0,0.0
980,2021-09-20 09:28:19.356567,0.0,0.0
981,2021-09-20 09:28:19.456227,0.0,0.0
982,2021-09-20 09:28:19.556871,0.0,0.0
983,2021-09-20 09:28:19.656617,0.0,0.0
984,2021-09-20 09:28:19.756445,0.0,0.0
985,2021-09-20 09:28:19.856206,0.0,0.0
986,2021-09-20 09:28:19.956208,0.0,0.0
987,2021-09-20 09:28:20.056042,0.0,0.0
988,2021-09-20 09:28:20.156590,0.0,0.0
989,2021-09-20 09:28:20.256207,0.0,0.0
990,2021-09-20 09:28:20.356210,0.0,0.0
991,2021-09-20 09:28:20.456129,0.0,0.0
992,2021-09-20 09:28:20.556055,0.0,0.0
993,2021-09-20 09:28:20.656835,0.0,0.0
994,2021-09-20 09:28:20.756801,0.0,0.0
995,2021-09-20 09:28:20.856593,0.0,0.0
996,2021-09-20 09:28:20.956408,0.0,0.0
997,2021-09-20 09:28:21.056149,0.0,0.0
998,2021-09-20 09:28:21.156760,0.0,0.0
999,2021-09-20 09:28:21.256524,0.0,0.0
1000,2021-09-20 09:28:21.356121,0.0,0.0
1001,2021-09-20 09:28:21.455839,0.0,0.0
1002,2021-09-20 09:28:21.556798,0.0,0.0
1003,2021-09-20 09:28:21.656482,0.0,0.0
1004,2021-09-20 09:28:21.756228,0.0,0.0
1005,2021-09-20 09:28:21.856156,0.0,0.0
1006,2021-09-20 09:28:21.955968,0.0,0.0
1007,2021-09-20 09:28:22.056593,0.0,0.0
1008,2021-09-20 09:28:22.156064,0.0,0.0
1009,2021-09-20 09:28:22.256717,0.0,0.0
1010,2021-09-20 09:28:22.356205,0.0,0.0
1011,2021-09-20 09:28:22.456776,0.0,0.0
1012,2021-09-20 09:28:22.556786,0.0,0.0
1013,2021-09-20 09:28:22.656578,0.0,0.0
1014,2021-09-20 09:28:22.756324,0.0,0.0
1015,2021-09-20 09:28:22.856057,0.0,0.0
1016,2021-09-20 09:28:22.956869,0.0,0.0
1017,2021-09-20 09:28:23.055771,0.0,0.0
1018,2021-09-20 09:28:23.156398,0.0,0.0
1019,2021-09-20 09:28:23.256660,0.0,0.0
1020,2021-09-20 09:28:23.356468,0.0,0.0
1021,2021-09-20 09:28:23.455954,0.0,0.0
1022,2021-09-20 09:28:23.556538,0.0,0.0
1023,2021-09-20 09:28:23.656094,0.0,0.0
1024,2021-09-20 09:28:23.756828,0.0,0.0
1025,2021-09-20 09:28:23.856826,0.0,0.0
1026,2021-09-20 09:28:23.956537,0.0,0.0
1027,2021-09-20 09:28:24.056298,0.0,0.0
1028,2021-09-20 09:28:24.156174,0.0,0.0
1029,2021-09-20 09:28:24.256419,0.0,0.0
1030,2021-09-20 09:28:24.356096,0.0,0.0
1031,2021-09-20 09:28:24.456555,0.0,0.0
1032,2021-09-20 09:28:24.556590,0.0,0.0
1033,2021-09-20 09:28:24.656204,0.0,0.0
1034,2021-09-20 09:28:24.756251,0.0,0.0
1035,2021-09-20 09:28:24.856774,0.0,0.0
1036,2021-09-20 09:28:24.956733,0.0,0.0
1037,2021-09-20 09:28:25.056562,0.0,0.0
1038,2021-09-20 09:28:25.156226,0.0,0.0
1039,2021-09-20 09:28:25.256305,0.0,0.0
1040,2021-09-20 09:28:25.356069,0.0,0.0
1041,2021-09-20 09:28:25.455945,0.0,0.0
1042,2021-09-20 09:28:25.556414,0.0,0.0
1043,2021-09-20 09:28:25.655835,0.0,0.0
1044,2021-09-20 09:28:25.756577,0.0,0.0
1045,2021-09-20 09:28:25.856268,0.0,0.0
1046,2021-09-20 09:28:25.956030,0.0,0.0
1047,2021-09-20 09:28:26.055780,0.0,0.0
1048,2021-09-20 09:28:26.156526,0.0,0.0
1049,2021-09-20 09:28:26.256188,0.0,0.0
1050,2021-09-20 09:28:26.355976,0.0,0.0
1051,2021-09-20 09:28:26.456473,0.0,0.0
1052,2021-09-20 09:28:26.555892,0.0,0.0
1053,2021-09-20 09:28:26.656312,0.0,0.0
1054,2021-09-20 09:28:26.756144,0.0,0.0
1055,2021-09-20 09:28:26.855800,0.0,0.0
1056,2021-09-20 09:28:26.956697,0.0,0.0
1057,2021-09-20 09:28:27.056444,0.0,0.0
1058,2021-09-20 09:28:27.156137,0.0,0.0
1059,2021-09-20 09:28:27.255964,0.0,0.0
1060,2021-09-20 09:28:27.357102,0.0,0.0
1061,2021-09-20 09:28:27.455793,0.0,0.0
1062,2021-09-20 09:28:27.556662,0.0,0.0
1063,2021-09-20 09:28:27.656391,0.0,0.0
1064,2021-09-20 09:28:27.756431,0.0,0.0
1065,2021-09-20 09:28:27.856474,0.0,0.0
1066,2021-09-20 09:28:27.956224,0.0,0.0
1067,2021-09-20 09:28:28.056129,0.0,0.0
1068,2021-09-20 09:28:28.155829,0.0,0.0
1069,2021-09-20 09:28:28.256330,0.0,0.0
1070,2021-09-20 09:28:28.355815,0.0,0.0
1071,2021-09-20 09:28:28.456597,0.0,0.0
1072,2021-09-20 09:28:28.556492,0.0,0.0
1073,2021-09-20 09:28:28.656289,0.0,0.0
1074,2021-09-20 09:28:28.756790,0.0,0.0
1075,2021-09-20 09:28:28.857257,0.0,0.0
1076,2021-09-20 09:28:28.956191,0.0,0.0
1077,2021-09-20 09:28:29.055983,0.0,0.0
1078,2021-09-20 09:28:29.156718,0.0,0.0
1079,2021-09-20 09:28:29.256499,0.0,0.0
1080,2021-09-20 09:28:29.356387,0.0,0.0
1081,2021-09-20 09:28:29.456503,0.0,0.0
1082,2021-09-20 09:28:29.556437,0.0,0.0
1083,2021-09-20 09:28:29.656280,0.0,0.0
1084,2021-09-20 09:28:29.755859,0.0,0.0
1085,2021-09-20 09:28:29.856683,0.0,0.0
1086,2021-09-20 09:28:29.956410,0.0,0.0
1087,2021-09-20 09:28:30.056175,0.0,0.0
1088,2021-09-20 09:28:30.156124,0.0,0.0
1089,2021-09-20 09:28:30.256247,0.0,0.0
1090,2021-09-20 09:28:30.356892,0.0,0.0
1091,2021-09-20 09:28:30.456557,0.0,0.0
1092,2021-09-20 09:28:30.556418,0.0,0.0
1093,2021-09-20 09:28:30.656095,0.0,0.0
1094,2021-09-20 09:28:30.756764,0.0,0.0
1095,2021-09-20 09:28:30.856230,0.0,0.0
1096,2021-09-20 09:28:30.956289,0.0,0.0
1097,2021-09-20 09:28:31.056822,0.0,0.0
1098,2021-09-20 09:28:31.156609,0.0,0.0
1099,2021-09-20 09:28:31.256327,0.0,0.0
1100,2021-09-20 09:28:31.356235,0.0,0.0
1101,2021-09-20 09:28:31.456018,0.0,0.0
1102,2021-09-20 09:28:31.556769,0.0,0.0
1103,2021-09-20 09:28:31.656543,0.0,0.0
1104,2021-09-20 09:28:31.756202,0.0,0.0
1105,2021-09-20 09:28:31.856368,0.0,0.0
1106,2021-09-20 09:28:31.955802,0.0,0.0
1107,2021-09-20 09:28:32.056222,0.0,0.0
1108,2021-09-20 09:28:32.156355,0.0,0.0
1109,2021-09-20 09:28:32.255807,0.0,0.0
1110,2021-09-20 09:28:32.356534,0.0,0.0
1111,2021-09-20 09:28:32.456738,0.0,0.0
1112,2021-09-20 09:28:32.556389,0.0,0.0
1113,2021-09-20 09:28:32.656202,0.0,0.0
1114,2021-09-20 09:28:32.756827,0.0,0.0
1115,2021-09-20 09:28:32.856454,0.0,0.0
1116,2021-09-20 09:28:32.955891,0.0,0.0
1117,2021-09-20 09:28:33.056280,0.0,0.0
1118,2021-09-20 09:28:33.156871,0.0,0.0
1119,2021-09-20 09:28:33.256826,0.0,0.0
1120,2021-09-20 09:28:33.356749,0.0,0.0
1121,2021-09-20 09:28:33.456353,0.0,0.0
1122,2021-09-20 09:28:33.556190,0.0,0.0
1123,2021-09-20 09:28:33.655853,0.0,0.0
1124,2021-09-20 09:28:33.756811,0.0,0.0
1125,2021-09-20 09:28:33.856448,0.0,0.0
1126,2021-09-20 09:28:33.956149,0.0,0.0
1127,2021-09-20 09:28:34.055749,0.0,0.0
1128,2021-09-20 09:28:34.156257,0.0,0.0
1129,2021-09-20 09:28:34.256060,0.0,0.0
1130,2021-09-20 09:28:34.356557,0.0,0.0
1131,2021-09-20 09:28:34.456622,0.0,0.0
1132,2021-09-20 09:28:34.556215,0.0,0.0
1133,2021-09-20 09:28:34.656029,0.0,0.0
1134,2021-09-20 09:28:34.756774,0.0,0.0
1135,2021-09-20 09:28:34.856818,0.0,0.0
1136,2021-09-20 09:28:34.956405,0.0,0.0
1137,2021-09-20 09:28:35.056195,0.0,0.0
1138,2021-09-20 09:28:35.155903,0.0,0.0
1139,2021-09-20 09:28:35.256476,0.0,0.0
1140,2021-09-20 09:28:35.356434,0.0,0.0
1141,2021-09-20 09:28:35.456280,0.0,0.0
1142,2021-09-20 09:28:35.555876,0.0,0.0
1143,2021-09-20 09:28:35.655983,0.0,0.0
1144,2021-09-20 09:28:35.756674,0.0,0.0
1145,2021-09-20 09:28:35.856320,0.0,0.0
1146,2021-09-20 09:28:35.955775,0.0,0.0
1147,2021-09-20 09:28:36.056503,0.0,0.0
1148,2021-09-20 09:28:36.156335,0.0,0.0
1149,2021-09-20 09:28:36.256694,0.0,0.0
1150,2021-09-20 09:28:36.356160,0.0,0.0
1151,2021-09-20 09:28:36.456158,0.0,0.0
1152,2021-09-20 09:28:36.556648,0.0,0.0
1153,2021-09-20 09:28:36.655965,0.0,0.0
1154,2021-09-20 09:28:36.756657,0.0,0.0
1155,2021-09-20 09:28:36.856417,0.0,0.0
1156,2021-09-20 09:28:36.956039,0.0,0.0
1157,2021-09-20 09:28:37.056858,0.0,0.0
1158,2021-09-20 09:28:37.156202,0.0,0.0
1159,2021-09-20 09:28:37.256705,0.0,0.0
1160,2021-09-20 09:28:37.356293,0.0,0.0
1161,2021-09-20 09:28:37.456306,0.0,0.0
1162,2021-09-20 09:28:37.556756,0.0,0.0
1163,2021-09-20 09:28:37.656012,0.0,0.0
1164,2021-09-20 09:28:37.756687,0.0,0.0
1165,2021-09-20 09:28:37.856787,0.0,0.0
1166,2021-09-20 09:28:37.956752,0.0,0.0
1167,2021-09-20 09:28:38.056515,0.0,0.0
1168,2021-09-20 09:28:38.156523,0.0,0.0
1169,2021-09-20 09:28:38.256226,0.0,0.0
1170,2021-09-20 09:28:38.355813,0.0,0.0
1171,2021-09-20 09:28:38.456388,0.0,0.0
1172,2021-09-20 09:28:38.556410,0.0,0.0
1173,2021-09-20 09:28:38.656080,0.0,0.0
1174,2021-09-20 09:28:38.756899,0.0,0.0
1175,2021-09-20 09:28:38.856732,0.0,0.0
1176,2021-09-20 09:28:38.956325,0.0,0.0
1177,2021-09-20 09:28:39.055939,0.0,0.0
1178,2021-09-20 09:28:39.156732,0.0,0.0
1179,2021-09-20 09:28:39.256306,0.0,0.0
1180,2021-09-20 09:28:39.356051,0.0,0.0
1181,2021-09-20 09:28:39.456046,0.0,0.0
1182,2021-09-20 09:28:39.556518,0.0,0.0
1183,2021-09-20 09:28:39.656249,0.0,0.0
1184,2021-09-20 09:28:39.756339,0.0,0.0
1185,2021-09-20 09:28:39.855788,0.0,0.0
1186,2021-09-20 09:28:39.956400,0.0,0.0
1187,2021-09-20 09:28:40.056218,0.0,0.0
1188,2021-09-20 09:28:40.156045,0.0,0.0
1189,2021-09-20 09:28:40.256319,0.0,0.0
1190,2021-09-20 09:28:40.355961,0.0,0.0
1191,2021-09-20 09:28:40.456569,0.0,0.0
1192,2021-09-20 09:28:40.556138,0.0,0.0
1193,2021-09-20 09:28:40.656795,0.0,0.0
1194,2021-09-20 09:28:40.756577,0.0,0.0
1195,2021-09-20 09:28:40.856412,0.0,0.0
1196,2021-09-20 09:28:40.956202,0.0,0.0
1197,2021-09-20 09:28:41.056762,0.0,0.0
1198,2021-09-20 09:28:41.156573,0.0,0.0
1199,2021-09-20 09:28:41.256697,0.0,0.0
1200,2021-09-20 09:28:41.356328,0.0,0.0
1201,2021-09-20 09:28:41.456023,0.0,0.0
1202,2021-09-20 09:28:41.556692,0.0,0.0
1203,2021-09-20 09:28:41.656193,0.0,0.0
1204,2021-09-20 09:28:41.756877,0.0,0.0
1205,2021-09-20 09:28:41.856696,0.0,0.0
1206,2021-09-20 09:28:41.956756,0.0,0.0
1207,2021-09-20 09:28:42.056289,0.0,0.0
1208,2021-09-20 09:28:42.155743,0.0,0.0
1209,2021-09-20 09:28:42.256542,0.0,0.0
1210,2021-09-20 09:28:42.356347,0.0,0.0
1211,2021-09-20 09:28:42.456233,0.0,0.0
1212,2021-09-20 09:28:42.556218,0.0,0.0
1213,2021-09-20 09:28:42.655836,0.0,0.0
1214,2021-09-20 09:28:42.755969,0.0,0.0
1215,2021-09-20 09:28:42.856693,0.0,0.0
1216,2021-09-20 09:28:42.956560,0.0,0.0
1217,2021-09-20 09:28:43.056511,0.0,0.0
1218,2021-09-20 09:28:43.156266,0.0,0.0
1219,2021-09-20 09:28:43.256084,0.0,0.0
1220,2021-09-20 09:28:43.356751,0.0,0.0
1221,2021-09-20 09:28:43.456657,0.0,0.0
1222,2021-09-20 09:28:43.556288,0.0,0.0
1223,2021-09-20 09:28:43.656034,0.0,0.0
1224,2021-09-20 09:28:43.756589,0.0,0.0
1225,2021-09-20 09:28:43.856671,0.0,0.0
1226,2021-09-20 09:28:43.956445,0.0,0.0
1227,2021-09-20 09:28:44.056422,0.0,0.0
1228,2021-09-20 09:28:44.156355,0.0,0.0
1229,2021-09-20 09:28:44.255989,0.0,0.0
1230,2021-09-20 09:28:44.356573,0.0,0.0
1231,2021-09-20 09:28:44.456103,0.0,0.0
1232,2021-09-20 09:28:44.555800,0.0,0.0
1233,2021-09-20 09:28:44.656583,0.0,0.0
1234,2021-09-20 09:28:44.756418,0.0,0.0
1235,2021-09-20 09:28:44.856241,0.0,0.0
1236,2021-09-20 09:28:44.956428,0.0,0.0
1237,2021-09-20 09:28:45.056218,0.0,0.0
1238,2021-09-20 09:28:45.156140,0.0,0.0
1239,2021-09-20 09:28:45.256397,0.0,0.0
1240,2021-09-20 09:28:45.356087,0.0,0.0
1241,2021-09-20 09:28:45.455782,0.0,0.0
1242,2021-09-20 09:28:45.556437,0.0,0.0
1243,2021-09-20 09:28:45.656089,0.0,0.0
1244,2021-09-20 09:28:45.756177,0.0,0.0
1245,2021-09-20 09:28:45.856709,0.0,0.0
1246,2021-09-20 09:28:45.956446,0.0,0.0
1247,2021-09-20 09:28:46.056134,0.0,0.0
1248,2021-09-20 09:28:46.156215,0.0,0.0
1249,2021-09-20 09:28:46.256074,0.0,0.0
1250,2021-09-20 09:28:46.356592,0.0,0.0
1251,2021-09-20 09:28:46.456220,0.0,0.0
1252,2021-09-20 09:28:46.555981,0.0,0.0
1253,2021-09-20 09:28:46.656736,0.0,0.0
1254,2021-09-20 09:28:46.756384,0.0,0.0
1255,2021-09-20 09:28:46.856232,0.0,0.0
1256,2021-09-20 09:28:46.956357,0.0,0.0
1257,2021-09-20 09:28:47.055849,0.0,0.0
1258,2021-09-20 09:28:47.156062,0.0,0.0
1259,2021-09-20 09:28:47.256724,0.0,0.0
1260,2021-09-20 09:28:47.356499,0.0,0.0
1261,2021-09-20 09:28:47.456101,0.0,0.0
1262,2021-09-20 09:28:47.555774,0.0,0.0
1263,2021-09-20 09:28:47.656607,0.0,0.0
1264,2021-09-20 09:28:47.756376,0.0,0.0
1265,2021-09-20 09:28:47.856244,0.0,0.0
1266,2021-09-20 09:28:47.956351,0.0,0.0
1267,2021-09-20 09:28:48.055838,0.0,0.0
1268,2021-09-20 09:28:48.156666,0.0,0.0
1269,2021-09-20 09:28:48.255925,0.0,0.0
1270,2021-09-20 09:28:48.356631,0.0,0.0
1271,2021-09-20 09:28:48.456330,0.0,0.0
1272,2021-09-20 09:28:48.556109,0.0,0.0
1273,2021-09-20 09:28:48.655932,0.0,0.0
1274,2021-09-20 09:28:48.756738,0.0,0.0
1275,2021-09-20 09:28:48.856369,0.0,0.0
1276,2021-09-20 09:28:48.955804,0.0,0.0
1277,2021-09-20 09:28:49.056304,0.0,0.0
1278,2021-09-20 09:28:49.155922,0.0,0.0
1279,2021-09-20 09:28:49.256426,0.0,0.0
1280,2021-09-20 09:28:49.356016,0.0,0.0
1281,2021-09-20 09:28:49.456691,0.0,0.0
1282,2021-09-20 09:28:49.556376,0.0,0.0
1283,2021-09-20 09:28:49.656028,0.0,0.0
1284,2021-09-20 09:28:49.755780,0.0,0.0
1285,2021-09-20 09:28:49.856531,0.0,0.0
1286,2021-09-20 09:28:49.956247,0.0,0.0
1287,2021-09-20 09:28:50.055878,0.0,0.0
1288,2021-09-20 09:28:50.156639,0.0,0.0
1289,2021-09-20 09:28:50.256454,0.0,0.0
1290,2021-09-20 09:28:50.356425,0.0,0.0
1291,2021-09-20 09:28:50.455972,0.0,0.0
1292,2021-09-20 09:28:50.556734,0.0,0.0
1293,2021-09-20 09:28:50.656402,0.0,0.0
1294,2021-09-20 09:28:50.756038,0.0,0.0
1295,2021-09-20 09:28:50.856691,0.0,0.0
1296,2021-09-20 09:28:50.956742,0.0,0.0
1297,2021-09-20 09:28:51.056475,0.0,0.0
1298,2021-09-20 09:28:51.155856,0.0,0.0
1299,2021-09-20 09:28:51.256761,0.0,0.0
1300,2021-09-20 09:28:51.356474,0.0,0.0
1301,2021-09-20 09:28:51.456219,0.0,0.0
1302,2021-09-20 09:28:51.556017,0.0,0.0
1303,2021-09-20 09:28:51.656082,0.0,0.0
1304,2021-09-20 09:28:51.756762,0.0,0.0
1305,2021-09-20 09:28:51.856609,0.0,0.0
1306,2021-09-20 09:28:51.956402,0.0,0.0
1307,2021-09-20 09:28:52.056542,0.0,0.0
1308,2021-09-20 09:28:52.156246,0.0,0.0
1309,2021-09-20 09:28:52.256515,0.0,0.0
1310,2021-09-20 09:28:52.356392,0.0,0.0
1311,2021-09-20 09:28:52.455953,0.0,0.0
1312,2021-09-20 09:28:52.556664,0.0,0.0
1313,2021-09-20 09:28:52.656400,0.0,0.0
1314,2021-09-20 09:28:52.756202,0.0,0.0
1315,2021-09-20 09:28:52.855838,0.0,0.0
1316,2021-09-20 09:28:52.956366,0.0,0.0
1317,2021-09-20 09:28:53.056033,0.0,0.0
1318,2021-09-20 09:28:53.156811,0.0,0.0
1319,2021-09-20 09:28:53.256093,0.0,0.0
1320,2021-09-20 09:28:53.356644,0.0,0.0
1321,2021-09-20 09:28:53.456205,0.0,0.0
1322,2021-09-20 09:28:53.556114,0.0,0.0
1323,2021-09-20 09:28:53.656787,0.0,0.0
1324,2021-09-20 09:28:53.756625,0.0,0.0
1325,2021-09-20 09:28:53.856491,0.0,0.0
1326,2021-09-20 09:28:53.956154,0.0,0.0
1327,2021-09-20 09:28:54.056821,0.0,0.0
1328,2021-09-20 09:28:54.156744,0.0,0.0
1329,2021-09-20 09:28:54.256687,0.0,0.0
1330,2021-09-20 09:28:54.356063,0.0,0.0
1331,2021-09-20 09:28:54.456732,0.0,0.0
1332,2021-09-20 09:28:54.556756,0.0,0.0
1333,2021-09-20 09:28:54.656779,0.0,0.0
1334,2021-09-20 09:28:54.756392,0.0,0.0
1335,2021-09-20 09:28:54.856107,0.0,0.0
1336,2021-09-20 09:28:54.956885,0.0,0.0
1337,2021-09-20 09:28:55.056595,0.0,0.0
1338,2021-09-20 09:28:55.156669,0.0,0.0
1339,2021-09-20 09:28:55.256356,0.0,0.0
1340,2021-09-20 09:28:55.356558,0.0,0.0
1341,2021-09-20 09:28:55.456053,0.0,0.0
1342,2021-09-20 09:28:55.556146,0.0,0.0
1343,2021-09-20 09:28:55.656111,0.0,0.0
1344,2021-09-20 09:28:55.756808,0.0,0.0
1345,2021-09-20 09:28:55.856557,0.0,0.0
1346,2021-09-20 09:28:55.956342,0.0,0.0
1347,2021-09-20 09:28:56.055959,0.0,0.0
1348,2021-09-20 09:28:56.156651,0.0,0.0
1349,2021-09-20 09:28:56.256683,0.0,0.0
1350,2021-09-20 09:28:56.356737,0.0,0.0
1351,2021-09-20 09:28:56.456198,0.0,0.0
1352,2021-09-20 09:28:56.555797,0.0,0.0
1353,2021-09-20 09:28:56.656580,0.0,0.0
1354,2021-09-20 09:28:56.756689,0.0,0.0
1355,2021-09-20 09:28:56.856428,0.0,0.0
1356,2021-09-20 09:28:56.956032,0.0,0.0
1357,2021-09-20 09:28:57.056898,0.0,0.0
1358,2021-09-20 09:28:57.156770,0.0,0.0
1359,2021-09-20 09:28:57.256280,0.0,0.0
1360,2021-09-20 09:28:57.356114,0.0,0.0
1361,2021-09-20 09:28:57.455918,0.0,0.0
1362,2021-09-20 09:28:57.555933,0.0,0.0
1363,2021-09-20 09:28:57.656446,0.0,0.0
1364,2021-09-20 09:28:57.755819,0.0,0.0
1365,2021-09-20 09:28:57.856260,0.0,0.0
1366,2021-09-20 09:28:57.955802,0.0,0.0
1367,2021-09-20 09:28:58.056432,0.0,0.0
1368,2021-09-20 09:28:58.156221,0.0,0.0
1369,2021-09-20 09:28:58.255979,0.0,0.0
1370,2021-09-20 09:28:58.355838,0.0,0.0
1371,2021-09-20 09:28:58.455832,0.0,0.0
1372,2021-09-20 09:28:58.556278,0.0,0.0
1373,2021-09-20 09:28:58.656900,0.0,0.0
1374,2021-09-20 09:28:58.756835,0.0,0.0
1375,2021-09-20 09:28:58.856634,0.0,0.0
1376,2021-09-20 09:28:58.956444,0.0,0.0
1377,2021-09-20 09:28:59.056076,0.0,0.0
1378,2021-09-20 09:28:59.155808,0.0,0.0
1379,2021-09-20 09:28:59.256556,0.0,0.0
1380,2021-09-20 09:28:59.356179,0.0,0.0
1381,2021-09-20 09:28:59.455822,0.0,0.0
1382,2021-09-20 09:28:59.556389,0.0,0.0
1383,2021-09-20 09:28:59.655791,0.0,0.0
1384,2021-09-20 09:28:59.756469,0.0,0.0
1385,2021-09-20 09:28:59.856841,0.0,0.0
1386,2021-09-20 09:28:59.956184,0.0,0.0
1387,2021-09-20 09:29:00.056571,0.0,0.0
1388,2021-09-20 09:29:00.155968,0.0,0.0
1389,2021-09-20 09:29:00.256354,0.0,0.0
1390,2021-09-20 09:29:00.356124,0.0,0.0
1391,2021-09-20 09:29:00.456553,0.0,0.0
1392,2021-09-20 09:29:00.555968,0.0,0.0
1393,2021-09-20 09:29:00.656322,0.0,0.0
1394,2021-09-20 09:29:00.756624,0.0,0.0
1395,2021-09-20 09:29:00.855947,0.0,0.0
1396,2021-09-20 09:29:00.956425,0.0,0.0
1397,2021-09-20 09:29:01.056353,0.0,0.0
1398,2021-09-20 09:29:01.156207,0.0,0.0
1399,2021-09-20 09:29:01.256333,0.0,0.0
1400,2021-09-20 09:29:01.355976,0.0,0.0
1401,2021-09-20 09:29:01.456747,0.0,0.0
1402,2021-09-20 09:29:01.556299,0.0,0.0
1403,2021-09-20 09:29:01.656465,0.0,0.0
1404,2021-09-20 09:29:01.755813,0.0,0.0
1405,2021-09-20 09:29:01.855852,0.0,0.0
1406,2021-09-20 09:29:01.955839,0.0,0.0
1407,2021-09-20 09:29:02.056807,0.0,0.0
1408,2021-09-20 09:29:02.156503,0.0,0.0
1409,2021-09-20 09:29:02.256357,0.0,0.0
1410,2021-09-20 09:29:02.356257,0.0,0.0
1411,2021-09-20 09:29:02.456037,0.0,0.0
1412,2021-09-20 09:29:02.555795,0.0,0.0
1413,2021-09-20 09:29:02.656329,0.0,0.0
1414,2021-09-20 09:29:02.755963,0.0,0.0
1415,2021-09-20 09:29:02.856511,0.0,0.0
1416,2021-09-20 09:29:02.956488,0.0,0.0
1417,2021-09-20 09:29:03.056069,0.0,0.0
1418,2021-09-20 09:29:03.156634,0.0,0.0
1419,2021-09-20 09:29:03.256389,0.0,0.0
1420,2021-09-20 09:29:03.355969,0.0,0.0
1421,2021-09-20 09:29:03.455812,0.0,0.0
1422,2021-09-20 09:29:03.556521,0.0,0.0
1423,2021-09-20 09:29:03.656353,0.0,0.0
1424,2021-09-20 09:29:03.756427,0.0,0.0
1425,2021-09-20 09:29:03.856019,0.0,0.0
1426,2021-09-20 09:29:03.956604,0.0,0.0
1427,2021-09-20 09:29:04.056602,0.0,0.0
1428,2021-09-20 09:29:04.156152,0.0,0.0
1429,2021-09-20 09:29:04.256908,0.0,0.0
1430,2021-09-20 09:29:04.356603,0.0,0.0
1431,2021-09-20 09:29:04.456319,0.0,0.0
1432,2021-09-20 09:29:04.555919,0.0,0.0
1433,2021-09-20 09:29:04.656543,0.0,0.0
1434,2021-09-20 09:29:04.756099,0.0,0.0
1435,2021-09-20 09:29:04.856866,0.0,0.0
1436,2021-09-20 09:29:04.956786,0.0,0.0
1437,2021-09-20 09:29:05.056711,0.0,0.0
1438,2021-09-20 09:29:05.156272,0.0,0.0
1439,2021-09-20 09:29:05.256393,0.0,0.0
1440,2021-09-20 09:29:05.356061,0.0,0.0
1441,2021-09-20 09:29:05.455758,0.0,0.0
1442,2021-09-20 09:29:05.556556,0.0,0.0
1443,2021-09-20 09:29:05.656439,0.0,0.0
1444,2021-09-20 09:29:05.756319,0.0,0.0
1445,2021-09-20 09:29:05.856134,0.0,0.0
1446,2021-09-20 09:29:05.955917,0.0,0.0
1447,2021-09-20 09:29:06.056546,0.0,0.0
1448,2021-09-20 09:29:06.156461,0.0,0.0
1449,2021-09-20 09:29:06.255981,0.0,0.0
1450,2021-09-20 09:29:06.356839,0.0,0.0
1451,2021-09-20 09:29:06.456610,0.0,0.0
1452,2021-09-20 09:29:06.556300,0.0,0.0
1453,2021-09-20 09:29:06.656379,0.0,0.0
1454,2021-09-20 09:29:06.756258,0.0,0.0
1455,2021-09-20 09:29:06.856179,0.0,0.0
1456,2021-09-20 09:29:06.956140,0.0,0.0
1457,2021-09-20 09:29:07.056290,0.0,0.0
1458,2021-09-20 09:29:07.156517,0.0,0.0
1459,2021-09-20 09:29:07.256095,0.0,0.0
1460,2021-09-20 09:29:07.356851,0.0,0.0
1461,2021-09-20 09:29:07.456369,0.0,0.0
1462,2021-09-20 09:29:07.556151,0.0,0.0
1463,2021-09-20 09:29:07.656791,0.0,0.0
1464,2021-09-20 09:29:07.755787,0.0,0.0
1465,2021-09-20 09:29:07.856566,0.0,0.0
1466,2021-09-20 09:29:07.956280,0.0,0.0
1467,2021-09-20 09:29:08.055840,0.0,0.0
1468,2021-09-20 09:29:08.156550,0.0,0.0
1469,2021-09-20 09:29:08.256038,0.0,0.0
1470,2021-09-20 09:29:08.355993,0.0,0.0
1471,2021-09-20 09:29:08.456748,0.0,0.0
1472,2021-09-20 09:29:08.556405,0.0,0.0
1473,2021-09-20 09:29:08.656592,0.0,0.0
1474,2021-09-20 09:29:08.756448,0.0,0.0
1475,2021-09-20 09:29:08.856330,0.0,0.0
1476,2021-09-20 09:29:08.956200,0.0,0.0
1477,2021-09-20 09:29:09.056615,0.0,0.0
1478,2021-09-20 09:29:09.156153,0.0,0.0
1479,2021-09-20 09:29:09.256677,0.0,0.0
1480,2021-09-20 09:29:09.356162,0.0,0.0
1481,2021-09-20 09:29:09.456806,0.0,0.0
1482,2021-09-20 09:29:09.556692,0.0,0.0
1483,2021-09-20 09:29:09.656725,0.0,0.0
1484,2021-09-20 09:29:09.756360,0.0,0.0
1485,2021-09-20 09:29:09.856083,0.0,0.0
1486,2021-09-20 09:29:09.956853,0.0,0.0
1487,2021-09-20 09:29:10.055833,0.0,0.0
1488,2021-09-20 09:29:10.156445,0.0,0.0
1489,2021-09-20 09:29:10.255987,0.0,0.0
1490,2021-09-20 09:29:10.356479,0.0,0.0
1491,2021-09-20 09:29:10.455818,0.0,0.0
1492,2021-09-20 09:29:10.556392,0.0,0.0
1493,2021-09-20 09:29:10.656654,0.0,0.0
1494,2021-09-20 09:29:10.756318,0.0,0.0
1495,2021-09-20 09:29:10.856098,0.0,0.0
1496,2021-09-20 09:29:10.956747,0.0,0.0
1497,2021-09-20 09:29:11.056599,0.0,0.0
1498,2021-09-20 09:29:11.156348,0.0,0.0
1499,2021-09-20 09:29:11.255958,0.0,0.0
1500,2021-09-20 09:29:11.356708,0.0,0.0
1501,2021-09-20 09:29:11.456179,0.0,0.0
1502,2021-09-20 09:29:11.556768,0.0,0.0
1503,2021-09-20 09:29:11.656358,0.0,0.0
1504,2021-09-20 09:29:11.756139,0.0,0.0
1505,2021-09-20 09:29:11.856838,0.0,0.0
1506,2021-09-20 09:29:11.956771,0.0,0.0
1507,2021-09-20 09:29:12.056441,0.0,0.0
1508,2021-09-20 09:29:12.156152,0.0,0.0
1509,2021-09-20 09:29:12.256827,0.0,0.0
1510,2021-09-20 09:29:12.356523,0.0,0.0
1511,2021-09-20 09:29:12.456440,0.0,0.0
1512,2021-09-20 09:29:12.556248,0.0,0.0
1513,2021-09-20 09:29:12.656769,0.0,0.0
1514,2021-09-20 09:29:12.756847,0.0,0.0
1515,2021-09-20 09:29:12.856548,0.0,0.0
1516,2021-09-20 09:29:12.956461,0.0,0.0
1517,2021-09-20 09:29:13.056278,0.0,0.0
1518,2021-09-20 09:29:13.155838,0.0,0.0
1519,2021-09-20 09:29:13.256240,0.0,0.0
1520,2021-09-20 09:29:13.355976,0.0,0.0
1521,2021-09-20 09:29:13.456602,0.0,0.0
1522,2021-09-20 09:29:13.556405,0.0,0.0
1523,2021-09-20 09:29:13.656070,0.0,0.0
1524,2021-09-20 09:29:13.756562,0.0,0.0
1525,2021-09-20 09:29:13.856376,0.0,0.0
1526,2021-09-20 09:29:13.956166,0.0,0.0
1527,2021-09-20 09:29:14.055941,0.0,0.0
1528,2021-09-20 09:29:14.156612,0.0,0.0
1529,2021-09-20 09:29:14.255978,0.0,0.0
1530,2021-09-20 09:29:14.356704,0.0,0.0
1531,2021-09-20 09:29:14.456760,0.0,0.0
1532,2021-09-20 09:29:14.556550,0.0,0.0
1533,2021-09-20 09:29:14.656784,0.0,0.0
1534,2021-09-20 09:29:14.756202,0.0,0.0
1535,2021-09-20 09:29:14.856697,0.0,0.0
1536,2021-09-20 09:29:14.956786,0.0,0.0
1537,2021-09-20 09:29:15.056721,0.0,0.0
1538,2021-09-20 09:29:15.156433,0.0,0.0
1539,2021-09-20 09:29:15.256849,0.0,0.0
1540,2021-09-20 09:29:15.356604,0.0,0.0
1541,2021-09-20 09:29:15.456444,0.0,0.0
1542,2021-09-20 09:29:15.556280,0.0,0.0
1543,2021-09-20 09:29:15.656077,0.0,0.0
1544,2021-09-20 09:29:15.755981,0.0,0.0
1545,2021-09-20 09:29:15.856834,0.0,0.0
1546,2021-09-20 09:29:15.955799,0.0,0.0
1547,2021-09-20 09:29:16.056346,0.0,0.0
1548,2021-09-20 09:29:16.155919,0.0,0.0
1549,2021-09-20 09:29:16.256422,0.0,0.0
1550,2021-09-20 09:29:16.356201,0.0,0.0
1551,2021-09-20 09:29:16.456616,0.0,0.0
1552,2021-09-20 09:29:16.556602,0.0,0.0
1553,2021-09-20 09:29:16.656199,0.0,0.0
1554,2021-09-20 09:29:16.755800,0.0,0.0
1555,2021-09-20 09:29:16.856658,0.0,0.0
1556,2021-09-20 09:29:16.956249,0.0,0.0
1557,2021-09-20 09:29:17.056444,0.0,0.0
1558,2021-09-20 09:29:17.156032,0.0,0.0
1559,2021-09-20 09:29:17.256580,0.0,0.0
1560,2021-09-20 09:29:17.356353,0.0,0.0
1561,2021-09-20 09:29:17.456311,0.0,0.0
1562,2021-09-20 09:29:17.556044,0.0,0.0
1563,2021-09-20 09:29:17.656206,0.0,0.0
1564,2021-09-20 09:29:17.756249,0.0,0.0
1565,2021-09-20 09:29:17.855810,0.0,0.0
1566,2021-09-20 09:29:17.955860,0.0,0.0
1567,2021-09-20 09:29:18.056350,0.0,0.0
1568,2021-09-20 09:29:18.156280,0.0,0.0
1569,2021-09-20 09:29:18.256658,0.0,0.0
1570,2021-09-20 09:29:18.356768,0.0,0.0
1571,2021-09-20 09:29:18.456385,0.0,0.0
1572,2021-09-20 09:29:18.556237,0.0,0.0
1573,2021-09-20 09:29:18.656027,0.0,0.0
1574,2021-09-20 09:29:18.755793,0.0,0.0
1575,2021-09-20 09:29:18.856707,0.0,0.0
1576,2021-09-20 09:29:18.956509,0.0,0.0
1577,2021-09-20 09:29:19.056484,0.0,0.0
1578,2021-09-20 09:29:19.155795,0.0,0.0
1579,2021-09-20 09:29:19.256438,0.0,0.0
1580,2021-09-20 09:29:19.356184,0.0,0.0
1581,2021-09-20 09:29:19.455901,0.0,0.0
1582,2021-09-20 09:29:19.556653,0.0,0.0
1583,2021-09-20 09:29:19.656447,0.0,0.0
1584,2021-09-20 09:29:19.756183,0.0,0.0
1585,2021-09-20 09:29:19.856180,0.0,0.0
1586,2021-09-20 09:29:19.955814,0.0,0.0
1587,2021-09-20 09:29:20.056606,0.0,0.0
1588,2021-09-20 09:29:20.156395,0.0,0.0
1589,2021-09-20 09:29:20.256278,0.0,0.0
1590,2021-09-20 09:29:20.355967,0.0,0.0
1591,2021-09-20 09:29:20.456732,0.0,0.0
1592,2021-09-20 09:29:20.556519,0.0,0.0
1593,2021-09-20 09:29:20.656433,0.0,0.0
1594,2021-09-20 09:29:20.756263,0.0,0.0
1595,2021-09-20 09:29:20.855917,0.0,0.0
1596,2021-09-20 09:29:20.956716,0.0,0.0
1597,2021-09-20 09:29:21.056689,0.0,0.0
1598,2021-09-20 09:29:21.156255,0.0,0.0
1599,2021-09-20 09:29:21.256896,0.0,0.0
1600,2021-09-20 09:29:21.356008,0.0,0.0
1601,2021-09-20 09:29:21.455873,0.0,0.0
1602,2021-09-20 09:29:21.556428,0.0,0.0
1603,2021-09-20 09:29:21.655957,0.0,0.0
1604,2021-09-20 09:29:21.756687,0.0,0.0
1605,2021-09-20 09:29:21.856451,0.0,0.0
1606,2021-09-20 09:29:21.956184,0.0,0.0
1607,2021-09-20 09:29:22.055848,0.0,0.0
1608,2021-09-20 09:29:22.156525,0.0,0.0
1609,2021-09-20 09:29:22.256227,0.0,0.0
1610,2021-09-20 09:29:22.356292,0.0,0.0
1611,2021-09-20 09:29:22.456383,0.0,0.0
1612,2021-09-20 09:29:22.556076,0.0,0.0
1613,2021-09-20 09:29:22.656720,0.0,0.0
1614,2021-09-20 09:29:22.756571,0.0,0.0
1615,2021-09-20 09:29:22.856302,0.0,0.0
1616,2021-09-20 09:29:22.955983,0.0,0.0
1617,2021-09-20 09:29:23.056742,0.0,0.0
1618,2021-09-20 09:29:23.156296,0.0,0.0
1619,2021-09-20 09:29:23.256885,0.0,0.0
1620,2021-09-20 09:29:23.356691,0.0,0.0
1621,2021-09-20 09:29:23.456242,0.0,0.0
1622,2021-09-20 09:29:23.556076,0.0,0.0
1623,2021-09-20 09:29:23.656872,0.0,0.0
1624,2021-09-20 09:29:23.756704,0.0,0.0
1625,2021-09-20 09:29:23.856264,0.0,0.0
1626,2021-09-20 09:29:23.956838,0.0,0.0
1627,2021-09-20 09:29:24.056628,0.0,0.0
1628,2021-09-20 09:29:24.156134,0.0,0.0
1629,2021-09-20 09:29:24.256702,0.0,0.0
1630,2021-09-20 09:29:24.356321,0.0,0.0
1631,2021-09-20 09:29:24.455790,0.0,0.0
1632,2021-09-20 09:29:24.556577,0.0,0.0
1633,2021-09-20 09:29:24.656254,0.0,0.0
1634,2021-09-20 09:29:24.756050,0.0,0.0
1635,2021-09-20 09:29:24.856724,0.0,0.0
1636,2021-09-20 09:29:24.956359,0.0,0.0
1637,2021-09-20 09:29:25.056120,0.0,0.0
1638,2021-09-20 09:29:25.156888,0.0,0.0
1639,2021-09-20 09:29:25.256322,0.0,0.0
1640,2021-09-20 09:29:25.355970,0.0,0.0
1641,2021-09-20 09:29:25.456516,0.0,0.0
1642,2021-09-20 09:29:25.556317,0.0,0.0
1643,2021-09-20 09:29:25.656904,0.0,0.0
1644,2021-09-20 09:29:25.756639,0.0,0.0
1645,2021-09-20 09:29:25.856691,0.0,0.0
1646,2021-09-20 09:29:25.956779,0.0,0.0
1647,2021-09-20 09:29:26.056690,0.0,0.0
1648,2021-09-20 09:29:26.156584,0.0,0.0
1649,2021-09-20 09:29:26.256105,0.0,0.0
1650,2021-09-20 09:29:26.356150,0.0,0.0
1651,2021-09-20 09:29:26.456634,0.0,0.0
1652,2021-09-20 09:29:26.556524,0.0,0.0
1653,2021-09-20 09:29:26.656230,0.0,0.0
1654,2021-09-20 09:29:26.755837,0.0,0.0
1655,2021-09-20 09:29:26.856695,0.0,0.0
1656,2021-09-20 09:29:26.956530,0.0,0.0
1657,2021-09-20 09:29:27.056352,0.0,0.0
1658,2021-09-20 09:29:27.156048,0.0,0.0
1659,2021-09-20 09:29:27.256696,0.0,0.0
